<metadata xml:lang="en"><Esri><CreaDate>20120423</CreaDate><CreaTime>12074300</CreaTime><SyncOnce>FALSE</SyncOnce><SyncDate>20140213</SyncDate><SyncTime>10310600</SyncTime><ModDate>20140213</ModDate><ModTime>10310600</ModTime><DataProperties><lineage><Process ToolSource="C:\Program Files\ArcGIS\ArcToolbox\Toolboxes\Conversion Tools.tbx\FeatureClassToFeatureClass" Date="20091221" Time="110020">FeatureClassToFeatureClass C:\GIS\Koordinates\kx-nz-islands-polygons-v14-SHP\nz-islands-polygons-v14.shp Z:\NZ_Contextual.gdb NZ_Islands # "FID_1 'FID_1' true true false 10 Double 0 10 ,First,#,C:\GIS\Koordinates\kx-nz-islands-polygons-v14-SHP\nz-islands-polygons-v14.shp,FID_1,-1,-1;name 'name' true true false 80 Text 0 0 ,First,#,C:\GIS\Koordinates\kx-nz-islands-polygons-v14-SHP\nz-islands-polygons-v14.shp,name,-1,-1;crt_date 'crt_date' true true false 24 Double 15 23 ,First,#,C:\GIS\Koordinates\kx-nz-islands-polygons-v14-SHP\nz-islands-polygons-v14.shp,crt_date,-1,-1;mod_date 'mod_date' true true false 24 Double 15 23 ,First,#,C:\GIS\Koordinates\kx-nz-islands-polygons-v14-SHP\nz-islands-polygons-v14.shp,mod_date,-1,-1;group_name 'group_name' true true false 80 Text 0 0 ,First,#,C:\GIS\Koordinates\kx-nz-islands-polygons-v14-SHP\nz-islands-polygons-v14.shp,group_name,-1,-1" # Z:\NZ_Contextual.gdb\NZ_Islands</Process><Process ToolSource="c:\program files (x86)\arcgis\desktop10.0\ArcToolbox\Toolboxes\Data Management Tools.tbx\Merge" Date="20120423" Time="105326">Merge islands;Coastline_Polygon C:\Users\langp\Documents\ArcGIS\Default.gdb\Iwi_001_Merge "OBJECTID "OBJECTID" true true false 9 Long 0 9 ,First,#,islands,OBJECTID,-1,-1;FID_1 "FID_1" true true false 19 Double 0 0 ,First,#,islands,FID_1,-1,-1;name "name" true true false 80 Text 0 0 ,First,#,islands,name,-1,-1;crt_date "crt_date" true true false 19 Double 0 0 ,First,#,islands,crt_date,-1,-1;mod_date "mod_date" true true false 19 Double 0 0 ,First,#,islands,mod_date,-1,-1;group_name "group_name" true true false 80 Text 0 0 ,First,#,islands,group_name,-1,-1;Shape_Leng "Shape_Leng" true true false 19 Double 0 0 ,First,#,islands,Shape_Leng,-1,-1;Shape_Area "Shape_Area" true true false 19 Double 0 0 ,First,#,islands,Shape_Area,-1,-1,Coastline_Polygon,Shape_Area,-1,-1;Shape_Length "Shape_Length" false true true 8 Double 0 0 ,First,#,Coastline_Polygon,Shape_Length,-1,-1"</Process><Process ToolSource="C:\Program Files (x86)\ArcGIS\Desktop10.0\ArcToolbox\Toolboxes\Data Management Tools.tbx\CalculateField" Date="20120423" Time="114229">CalculateField Iwi_001_Merge name " " VB #</Process><Process ToolSource="C:\Program Files (x86)\ArcGIS\Desktop10.0\ArcToolbox\Toolboxes\Data Management Tools.tbx\CalculateField" Date="20120423" Time="115237">CalculateField Iwi_001_Merge Name "Ngai Takoto" VB #</Process><Process ToolSource="C:\Program Files (x86)\ArcGIS\Desktop10.0\ArcToolbox\Toolboxes\Data Management Tools.tbx\CalculateField" Date="20120423" Time="115306">CalculateField Iwi_001_Merge Source "TPK" VB #</Process><Process ToolSource="C:\Program Files (x86)\ArcGIS\Desktop10.0\ArcToolbox\Toolboxes\Data Management Tools.tbx\CalculateField" Date="20120423" Time="115331">CalculateField Iwi_001_Merge TPK_Code "1" VB #</Process><Process ToolSource="c:\program files (x86)\arcgis\desktop10.0\ArcToolbox\Toolboxes\Data Management Tools.tbx\Project" Date="20120423" Time="120743">Project Iwi_001_Merge C:\Users\langp\Documents\ArcGIS\Default.gdb\Iwi_001_Merge_Project PROJCS['NZGD_2000_New_Zealand_Transverse_Mercator',GEOGCS['GCS_NZGD_2000',DATUM['D_NZGD_2000',SPHEROID['GRS_1980',6378137.0,298.257222101]],PRIMEM['Greenwich',0.0],UNIT['Degree',0.0174532925199433]],PROJECTION['Transverse_Mercator'],PARAMETER['False_Easting',1600000.0],PARAMETER['False_Northing',10000000.0],PARAMETER['Central_Meridian',173.0],PARAMETER['Scale_Factor',0.9996],PARAMETER['Latitude_Of_Origin',0.0],UNIT['Meter',1.0]] # PROJCS['NZGD2000 / New Zealand Transverse Mercator 2000',GEOGCS['GCS_NZGD_2000',DATUM['D_NZGD_2000',SPHEROID['GRS_1980',6378137.0,298.257222101]],PRIMEM['Greenwich',0.0],UNIT['Degree',0.0174532925199433]],PROJECTION['Transverse_Mercator'],PARAMETER['false_easting',1600000.0],PARAMETER['false_northing',10000000.0],PARAMETER['central_meridian',173.0],PARAMETER['scale_factor',0.9996],PARAMETER['latitude_of_origin',0.0],UNIT['Meter',1.0]]</Process><Process ToolSource="C:\Program Files (x86)\ArcGIS\Desktop10.0\ArcToolbox\Toolboxes\Data Management Tools.tbx\CalculateField" Date="20120423" Time="121040">CalculateField Iwi_001_Merge_Project Bdary_Ref "Recognised iwi in the Maori Fisheries Act 2004" VB #</Process><Process ToolSource="c:\program files (x86)\arcgis\desktop10.0\ArcToolbox\Toolboxes\Conversion Tools.tbx\FeatureClassToFeatureClass" Date="20120423" Time="122008">FeatureClassToFeatureClass C:\Users\langp\Documents\ArcGIS\Default.gdb\Iwi_001_Merge_Project C:\GIS\Iwi\Corrected Iwi_001NgaiTakoto.shp # "OBJECTID "OBJECTID" true true false 4 Long 0 0 ,First,#,C:\Users\langp\Documents\ArcGIS\Default.gdb\Iwi_001_Merge_Project,OBJECTID,-1,-1;Name "Name" true true false 50 Text 0 0 ,First,#,C:\Users\langp\Documents\ArcGIS\Default.gdb\Iwi_001_Merge_Project,Name,-1,-1;Source "Source" true true false 20 Text 0 0 ,First,#,C:\Users\langp\Documents\ArcGIS\Default.gdb\Iwi_001_Merge_Project,Source,-1,-1;Bdary_Ref "Bdary_Ref" true true false 50 Text 0 0 ,First,#,C:\Users\langp\Documents\ArcGIS\Default.gdb\Iwi_001_Merge_Project,Bdary_Ref,-1,-1;Area_Sum_h "Area_Sum_ha" true true false 8 Double 0 0 ,First,#,C:\Users\langp\Documents\ArcGIS\Default.gdb\Iwi_001_Merge_Project,Area_Sum_ha,-1,-1;Area_m "Area_m" true true false 8 Double 0 0 ,First,#,C:\Users\langp\Documents\ArcGIS\Default.gdb\Iwi_001_Merge_Project,Area_m,-1,-1;TPK_Code "TPK_Code" true true false 3 Text 0 0 ,First,#,C:\Users\langp\Documents\ArcGIS\Default.gdb\Iwi_001_Merge_Project,TPK_Code,-1,-1;Shape_Leng "Shape_Leng" false true true 8 Double 0 0 ,First,#,C:\Users\langp\Documents\ArcGIS\Default.gdb\Iwi_001_Merge_Project,Shape_Length,-1,-1;Shape_Area "Shape_Area" false true true 8 Double 0 0 ,First,#,C:\Users\langp\Documents\ArcGIS\Default.gdb\Iwi_001_Merge_Project,Shape_Area,-1,-1" #</Process><Process ToolSource="c:\program files (x86)\arcgis\desktop10.0\ArcToolbox\Toolboxes\Data Management Tools.tbx\Merge" Date="20120424" Time="095626">Merge Iwi_001NgaiTakoto;nz-kermadec-is-island-nztm C:\Users\langp\Documents\ArcGIS\Default.gdb\Iwi_001NgaiTakoto_Merge "OBJECTID "OBJECTID" true true false 9 Long 0 9 ,First,#,Iwi_001NgaiTakoto,OBJECTID,-1,-1;Name "Name" true true false 50 Text 0 0 ,First,#,Iwi_001NgaiTakoto,Name,-1,-1,nz-kermadec-is-island-nztm,name,-1,-1;Source "Source" true true false 20 Text 0 0 ,First,#,Iwi_001NgaiTakoto,Source,-1,-1;Bdary_Ref "Bdary_Ref" true true false 50 Text 0 0 ,First,#,Iwi_001NgaiTakoto,Bdary_Ref,-1,-1;Area_Sum_h "Area_Sum_h" true true false 19 Double 0 0 ,First,#,Iwi_001NgaiTakoto,Area_Sum_h,-1,-1;Area_m "Area_m" true true false 19 Double 0 0 ,First,#,Iwi_001NgaiTakoto,Area_m,-1,-1;TPK_Code "TPK_Code" true true false 3 Text 0 0 ,First,#,Iwi_001NgaiTakoto,TPK_Code,-1,-1;Shape_Leng "Shape_Leng" true true false 19 Double 0 0 ,First,#,Iwi_001NgaiTakoto,Shape_Leng,-1,-1;Shape_Area "Shape_Area" true true false 19 Double 0 0 ,First,#,Iwi_001NgaiTakoto,Shape_Area,-1,-1;group_name "group_name" true true false 60 Text 0 0 ,First,#,nz-kermadec-is-island-nztm,group_name,-1,-1;macronated "macronated" true true false 1 Text 0 0 ,First,#,nz-kermadec-is-island-nztm,macronated,-1,-1;grp_macron "grp_macron" true true false 1 Text 0 0 ,First,#,nz-kermadec-is-island-nztm,grp_macron,-1,-1"</Process><Process ToolSource="C:\Program Files (x86)\ArcGIS\Desktop10.0\ArcToolbox\Toolboxes\Data Management Tools.tbx\CalculateField" Date="20120424" Time="095919">CalculateField Iwi_001NgaiTakoto_Merge Name "Ngai Takoto" VB #</Process><Process ToolSource="C:\Program Files (x86)\ArcGIS\Desktop10.0\ArcToolbox\Toolboxes\Data Management Tools.tbx\CalculateField" Date="20120424" Time="095944">CalculateField Iwi_001NgaiTakoto_Merge Source "TPK" VB #</Process><Process ToolSource="C:\Program Files (x86)\ArcGIS\Desktop10.0\ArcToolbox\Toolboxes\Data Management Tools.tbx\CalculateField" Date="20120424" Time="100113">CalculateField Iwi_001NgaiTakoto_Merge Bdary_Ref "Recognised iwi in the Maori Fisheries Act 2004" VB #</Process><Process ToolSource="C:\Program Files (x86)\ArcGIS\Desktop10.0\ArcToolbox\Toolboxes\Data Management Tools.tbx\CalculateField" Date="20120424" Time="100146">CalculateField Iwi_001NgaiTakoto_Merge TPK_Code "1" VB #</Process><Process ToolSource="c:\program files (x86)\arcgis\desktop10.0\ArcToolbox\Toolboxes\Conversion Tools.tbx\FeatureClassToFeatureClass" Date="20120424" Time="100432">FeatureClassToFeatureClass C:\Users\langp\Documents\ArcGIS\Default.gdb\Iwi_001NgaiTakoto_Merge C:\GIS\Iwi\Corrected Iwi_001NgaiTakoto.shp # "OBJECTID "OBJECTID" true true false 4 Long 0 0 ,First,#,C:\Users\langp\Documents\ArcGIS\Default.gdb\Iwi_001NgaiTakoto_Merge,OBJECTID,-1,-1;Name "Name" true true false 50 Text 0 0 ,First,#,C:\Users\langp\Documents\ArcGIS\Default.gdb\Iwi_001NgaiTakoto_Merge,Name,-1,-1;Source "Source" true true false 20 Text 0 0 ,First,#,C:\Users\langp\Documents\ArcGIS\Default.gdb\Iwi_001NgaiTakoto_Merge,Source,-1,-1;Bdary_Ref "Bdary_Ref" true true false 50 Text 0 0 ,First,#,C:\Users\langp\Documents\ArcGIS\Default.gdb\Iwi_001NgaiTakoto_Merge,Bdary_Ref,-1,-1;Area_Sum_h "Area_Sum_h" true true false 8 Double 0 0 ,First,#,C:\Users\langp\Documents\ArcGIS\Default.gdb\Iwi_001NgaiTakoto_Merge,Area_Sum_h,-1,-1;Area_m "Area_m" true true false 8 Double 0 0 ,First,#,C:\Users\langp\Documents\ArcGIS\Default.gdb\Iwi_001NgaiTakoto_Merge,Area_m,-1,-1;TPK_Code "TPK_Code" true true false 3 Text 0 0 ,First,#,C:\Users\langp\Documents\ArcGIS\Default.gdb\Iwi_001NgaiTakoto_Merge,TPK_Code,-1,-1;Shape_Leng "Shape_Length" false true true 8 Double 0 0 ,First,#,C:\Users\langp\Documents\ArcGIS\Default.gdb\Iwi_001NgaiTakoto_Merge,Shape_Length,-1,-1;Shape_Area "Shape_Area" false true true 8 Double 0 0 ,First,#,C:\Users\langp\Documents\ArcGIS\Default.gdb\Iwi_001NgaiTakoto_Merge,Shape_Area,-1,-1" #</Process><Process ToolSource="c:\program files (x86)\arcgis\desktop10.0\ArcToolbox\Toolboxes\Data Management Tools.tbx\Dissolve" Date="20120903" Time="100350">Dissolve Iwi_001NgaiTakoto C:\Users\langp\Documents\ArcGIS\Default.gdb\Iwi_001NgaiTakoto_Dissolve1 FID;Name;Source;Bdary_Ref;Area_Sum_h;Area_m;TPK_Code # MULTI_PART DISSOLVE_LINES</Process><Process ToolSource="C:\Program Files (x86)\ArcGIS\Desktop10.0\ArcToolbox\Toolboxes\Data Management Tools.tbx\CalculateField" Date="20120903" Time="100531">CalculateField Iwi_001NgaiTakoto_Dissolve1 ObjectID_1 1 VB #</Process><Process ToolSource="c:\program files (x86)\arcgis\desktop10.0\ArcToolbox\Toolboxes\Conversion Tools.tbx\FeatureClassToFeatureClass" Date="20120903" Time="100859">FeatureClassToFeatureClass C:\Users\langp\Documents\ArcGIS\Default.gdb\Iwi_001NgaiTakoto_Dissolve1 C:\GIS\Iwi\Corrected Iwi_001NgaiTakoto.shp # "Name "Name" true true false 50 Text 0 0 ,First,#,C:\Users\langp\Documents\ArcGIS\Default.gdb\Iwi_001NgaiTakoto_Dissolve1,Name,-1,-1;Source "Source" true true false 20 Text 0 0 ,First,#,C:\Users\langp\Documents\ArcGIS\Default.gdb\Iwi_001NgaiTakoto_Dissolve1,Source,-1,-1;Bdary_Ref "Bdary_Ref" true true false 50 Text 0 0 ,First,#,C:\Users\langp\Documents\ArcGIS\Default.gdb\Iwi_001NgaiTakoto_Dissolve1,Bdary_Ref,-1,-1;Area_Sum_h "Area_Sum_h" true true false 8 Double 0 0 ,First,#,C:\Users\langp\Documents\ArcGIS\Default.gdb\Iwi_001NgaiTakoto_Dissolve1,Area_Sum_h,-1,-1;Area_m "Area_m" true true false 8 Double 0 0 ,First,#,C:\Users\langp\Documents\ArcGIS\Default.gdb\Iwi_001NgaiTakoto_Dissolve1,Area_m,-1,-1;TPK_Code "TPK_Code" true true false 3 Text 0 0 ,First,#,C:\Users\langp\Documents\ArcGIS\Default.gdb\Iwi_001NgaiTakoto_Dissolve1,TPK_Code,-1,-1;Shape_Leng "Shape_Length" false true true 8 Double 0 0 ,First,#,C:\Users\langp\Documents\ArcGIS\Default.gdb\Iwi_001NgaiTakoto_Dissolve1,Shape_Length,-1,-1;Shape_Area "Shape_Area" false true true 8 Double 0 0 ,First,#,C:\Users\langp\Documents\ArcGIS\Default.gdb\Iwi_001NgaiTakoto_Dissolve1,Shape_Area,-1,-1;ObjectID_1 "ObjectID_1" true true false 4 Long 0 0 ,First,#,C:\Users\langp\Documents\ArcGIS\Default.gdb\Iwi_001NgaiTakoto_Dissolve1,ObjectID_1,-1,-1" #</Process><Process ToolSource="c:\program files (x86)\arcgis\desktop10.1\ArcToolbox\Toolboxes\Data Management Tools.tbx\Dissolve" Date="20130827" Time="102604">Dissolve Iwi_001NgaiTakoto C:\Users\langp\Documents\ArcGIS\Default.gdb\Iwi_001NgaiTakoto_Dissolve # # MULTI_PART DISSOLVE_LINES</Process><Process ToolSource="c:\program files (x86)\arcgis\desktop10.1\ArcToolbox\Toolboxes\Data Management Tools.tbx\CalculateField" Date="20130827" Time="102801">CalculateField Iwi_001NgaiTakoto_Dissolve Name "Ngai Takoto" VB #</Process><Process ToolSource="c:\program files (x86)\arcgis\desktop10.1\ArcToolbox\Toolboxes\Data Management Tools.tbx\CalculateField" Date="20130827" Time="102843">CalculateField Iwi_001NgaiTakoto_Dissolve Source "TPK" VB #</Process><Process ToolSource="c:\program files (x86)\arcgis\desktop10.1\ArcToolbox\Toolboxes\Data Management Tools.tbx\CalculateField" Date="20130827" Time="102931">CalculateField Iwi_001NgaiTakoto_Dissolve Bdary_Ref "Recognised iwi in the Maori Fisheries Act 2004" VB #</Process><Process ToolSource="c:\program files (x86)\arcgis\desktop10.1\ArcToolbox\Toolboxes\Data Management Tools.tbx\CalculateField" Date="20130827" Time="103055">CalculateField Iwi_001NgaiTakoto_Dissolve TPK_Code "1" VB #</Process><Process ToolSource="c:\program files (x86)\arcgis\desktop10.1\ArcToolbox\Toolboxes\Conversion Tools.tbx\FeatureClassToFeatureClass" Date="20130827" Time="103254">FeatureClassToFeatureClass C:\Users\langp\Documents\ArcGIS\Default.gdb\Iwi_001NgaiTakoto_Dissolve E:\Iwi\Corrected Iwi_001NgaiTakoto.shp # "Shape_Leng "Shape_Leng" false true true 8 Double 0 0 ,First,#,C:\Users\langp\Documents\ArcGIS\Default.gdb\Iwi_001NgaiTakoto_Dissolve,Shape_Length,-1,-1;Shape_Area "Shape_Area" false true true 8 Double 0 0 ,First,#,C:\Users\langp\Documents\ArcGIS\Default.gdb\Iwi_001NgaiTakoto_Dissolve,Shape_Area,-1,-1;Name "Name" true true false 50 Text 0 0 ,First,#,C:\Users\langp\Documents\ArcGIS\Default.gdb\Iwi_001NgaiTakoto_Dissolve,Name,-1,-1;Source "Source" true true false 20 Text 0 0 ,First,#,C:\Users\langp\Documents\ArcGIS\Default.gdb\Iwi_001NgaiTakoto_Dissolve,Source,-1,-1;Bdary_Ref "Bdary_Ref" true true false 50 Text 0 0 ,First,#,C:\Users\langp\Documents\ArcGIS\Default.gdb\Iwi_001NgaiTakoto_Dissolve,Bdary_Ref,-1,-1;TPK_Code "TPK_Code" true true false 3 Text 0 0 ,First,#,C:\Users\langp\Documents\ArcGIS\Default.gdb\Iwi_001NgaiTakoto_Dissolve,TPK_Code,-1,-1" #</Process><Process ToolSource="c:\program files (x86)\arcgis\desktop10.1\ArcToolbox\Toolboxes\Data Management Tools.tbx\Merge" Date="20131015" Time="121923">Merge E:\Iwi\Corrected\Iwi_001NgaiTakoto.shp;E:\Iwi\Corrected\Iwi_002NgatiKuri.shp;E:\Iwi\Corrected\Iwi_003TeAupouri.shp;E:\Iwi\Corrected\Iwi_004TeRarawa.shp;E:\Iwi\Corrected\Iwi_005NgatiKahu.shp;E:\Iwi\Corrected\Iwi_006Ngapuhi_NgatiKahukiWhangaroa.shp;E:\Iwi\Corrected\Iwi_007NgatiKahukiWhangaroa.shp;E:\Iwi\Corrected\Iwi_008Ngapuhi.shp;E:\Iwi\Corrected\Iwi_009NgatiWai.shp;E:\Iwi\Corrected\Iwi_010NgatiWhatua.shp;E:\Iwi\Corrected\Iwi_011TeUrioHau.shp;E:\Iwi\Corrected\Iwi_012TeRoroa.shp;E:\Iwi\Corrected\Iwi_013NgatiWhatuaoOrakei.shp;E:\Iwi\Corrected\Iwi_014NgatiHako.shp;E:\Iwi\Corrected\Iwi_015NgatiHei.shp;E:\Iwi\Corrected\Iwi_016_NgatiMaru_Hauraki.shp;E:\Iwi\Corrected\Iwi_017NgatiPaoa.shp;E:\Iwi\Corrected\Iwi_018Patukirikiri.shp;E:\Iwi\Corrected\Iwi_019NgatiPoroukiHauraungakiMataora.shp;E:\Iwi\Corrected\Iwi_020NgatiPukengakiWaiau.shp;E:\Iwi\Corrected\Iwi_022NgaiTai.shp;E:\Iwi\Corrected\Iwi_023NgatiTamatera.shp;E:\Iwi\Corrected\Iwi_026Waikato.shp;E:\Iwi\Corrected\Iwi_027NgatiManiapoto.shp;E:\Iwi\Corrected\Iwi_028Raukawa.shp;E:\Iwi\Corrected\Iwi_030NgatiMakino.shp;E:\Iwi\Corrected\Iwi_031NgatiPikiao.shp;E:\Iwi\Corrected\Iwi_032NgatiRangitaeorere.shp;E:\Iwi\Corrected\Iwi_033NgatiRangitihi.shp;E:\Iwi\Corrected\Iwi_034NgatiRangiwewehi.shp;E:\Iwi\Corrected\Iwi_035Tapuika.shp;E:\Iwi\Corrected\Iwi_036Tarawhai.shp;E:\Iwi\Corrected\Iwi_037Tuhourangi.shp;E:\Iwi\Corrected\Iwi_038TeUreoUenukukopako_NgatiWhakaue.shp;E:\Iwi\Corrected\Iwi_040Waitaha.shp;E:\Iwi\Corrected\Iwi_041NgatiTahu_NgatiWhaoa.shp;E:\Iwi\Corrected\Iwi_042NgatiTuwharetoa.shp;E:\Iwi\Corrected\Iwi_044NgatiTuwharetoa_BOP.shp;E:\Iwi\Corrected\Iwi_045NgatiPukenga.shp;E:\Iwi\Corrected\Iwi_046NgaiTeRangi.shp;E:\Iwi\Corrected\Iwi_047NgatiRanginui.shp;E:\Iwi\Corrected\Iwi_048NgatiAwa.shp;E:\Iwi\Corrected\Iwi_049NgatiManawa.shp;E:\Iwi\Corrected\Iwi_050NgatiWhare.shp;E:\Iwi\Corrected\Iwi_051NgaiTai_BOP.shp;E:\Iwi\Corrected\Iwi_052Tuhoe.shp;E:\Iwi\Corrected\Iwi_053Whakatohea.shp;E:\Iwi\Corrected\Iwi_054TeWhanauaApanui.shp;E:\Iwi\Corrected\Iwi_055NgatiPorou.shp;E:\Iwi\Corrected\Iwi_056TeAitangaaMahaki.shp;E:\Iwi\Corrected\Iwi_057Rongowhakaata.shp;E:\Iwi\Corrected\Iwi_058NgaiTamanuhiri.shp;E:\Iwi\Corrected\Iwi_059NgatiKahungunu.shp;E:\Iwi\Corrected\Iwi_060NgatiTama.shp;E:\Iwi\Corrected\Iwi_061NgatiMutunga.shp;E:\Iwi\Corrected\Iwi_062TeAtiawa_Taranaki.shp;E:\Iwi\Corrected\Iwi_063Taranaki.shp;E:\Iwi\Corrected\Iwi_064NgatiMaru_Taranaki.shp;E:\Iwi\Corrected\Iwi_065NgaRuahine.shp;E:\Iwi\Corrected\Iwi_066NgatiRuanui.shp;E:\Iwi\Corrected\Iwi_067NgaRauruKitahi.shp;E:\Iwi\Corrected\Iwi_068TeAtihaunuiaPaparangi.shp;E:\Iwi\Corrected\Iwi_070NgatiApa.shp;E:\Iwi\Corrected\Iwi_071Rangitane_NorthIsland.shp;E:\Iwi\Corrected\Iwi_073NgatiHauiti.shp;E:\Iwi\Corrected\Iwi_074Muaupoko.shp;E:\Iwi\Corrected\Iwi_075NgatiRaukawakiteTonga.shp;E:\Iwi\Corrected\Iwi_076NgatiToaRangatira.shp;E:\Iwi\Corrected\Iwi_077TeAtiawaoTeWakaaMaui.shp;E:\Iwi\Corrected\Iwi_079TeAtiawakiWhakarongotai.shp;E:\Iwi\Corrected\Iwi_080NgatiApakiteWaipounamu.shp;E:\Iwi\Corrected\Iwi_081RangitaneoWairau.shp;E:\Iwi\Corrected\Iwi_082NgatiKuia.shp;E:\Iwi\Corrected\Iwi_083NgatiRarua.shp;E:\Iwi\Corrected\Iwi_084NgatiKoata.shp;E:\Iwi\Corrected\Iwi_085NgatiTamakiTeTauIhu.shp;E:\Iwi\Corrected\Iwi_086TeAtiawa_Wellington.shp;E:\Iwi\Corrected\Iwi_087NgaiTahu.shp;E:\Iwi\Corrected\Iwi_088NgatiMutunga_ChathamIslands.shp;E:\Iwi\Corrected\Iwi_089Moriori.shp;E:\Iwi\Corrected\Iwi_090NgatiKearoa_NgatiTuara.shp;E:\Iwi\Corrected\Iwi_091TaranakiWhanuikiteUpokooteIka.shp;E:\Iwi\Corrected\Iwi_092NgatiRongomai.shp;E:\Iwi\Corrected\Iwi_093NgatiRangi.shp;E:\Iwi\Corrected\Iwi_094TeKawerauaMaki.shp;E:\Iwi\Corrected\Iwi_095NgatiPahauwera.shp;E:\Iwi\Corrected\Iwi_096NgatiHineuru.shp;E:\Iwi\Corrected\Iwi_097MaungaharuruTangitu.shp;E:\Iwi\Corrected\Iwi_098ManaAhuriri.shp;E:\Iwi\Corrected\Iwi_099RuapanikiWaikaremoana.shp;E:\Iwi\Corrected\Iwi_100NgatiRehua.shp;E:\Iwi\Corrected\Iwi_101NgatiManuhiri.shp;E:\Iwi\Corrected\Iwi_103NgatiWhatuaoKaipara.shp;E:\Iwi\Corrected\Iwi_104NgatiTamaoho.shp;E:\Iwi\Corrected\Iwi_105NgatiKorokiKahukura.shp;E:\Iwi\Corrected\Iwi_106Rereahu.shp;E:\Iwi\Corrected\Iwi_107HeretaungaTamatea.shp;E:\Iwi\Corrected\Iwi_108TeWairoa.shp;E:\Iwi\Corrected\Iwi_111TeAkitaiWaiohua.shp;E:\Iwi\Corrected\Iwi_113Pouakani.shp;E:\Iwi\Corrected\Iwi_114NgatiKahungunukiWaurarapa_TamakiNuiaRua.shp;E:\Iwi\Corrected\Iwi_115NgatiHaua.shp E:\Iwi\Iwi_AllIwi_20131015.shp "Shape_Leng "Shape_Leng" true true false 19 Double 0 0 ,First,#,E:\Iwi\Corrected\Iwi_001NgaiTakoto.shp,Shape_Leng,-1,-1,E:\Iwi\Corrected\Iwi_002NgatiKuri.shp,Shape_Leng,-1,-1,E:\Iwi\Corrected\Iwi_003TeAupouri.shp,Shape_Leng,-1,-1,E:\Iwi\Corrected\Iwi_004TeRarawa.shp,Shape_Leng,-1,-1,E:\Iwi\Corrected\Iwi_005NgatiKahu.shp,Shape_Leng,-1,-1,E:\Iwi\Corrected\Iwi_006Ngapuhi_NgatiKahukiWhangaroa.shp,Shape_Leng,-1,-1,E:\Iwi\Corrected\Iwi_007NgatiKahukiWhangaroa.shp,Shape_Leng,-1,-1,E:\Iwi\Corrected\Iwi_008Ngapuhi.shp,Shape_Leng,-1,-1,E:\Iwi\Corrected\Iwi_009NgatiWai.shp,Shape_Leng,-1,-1,E:\Iwi\Corrected\Iwi_010NgatiWhatua.shp,Shape_Leng,-1,-1,E:\Iwi\Corrected\Iwi_011TeUrioHau.shp,Shape_Leng,-1,-1,E:\Iwi\Corrected\Iwi_012TeRoroa.shp,Shape_Leng,-1,-1,E:\Iwi\Corrected\Iwi_013NgatiWhatuaoOrakei.shp,Shape_Leng,-1,-1,E:\Iwi\Corrected\Iwi_014NgatiHako.shp,Shape_Leng,-1,-1,E:\Iwi\Corrected\Iwi_015NgatiHei.shp,Shape_Leng,-1,-1,E:\Iwi\Corrected\Iwi_016_NgatiMaru_Hauraki.shp,Shape_Leng,-1,-1,E:\Iwi\Corrected\Iwi_017NgatiPaoa.shp,Shape_Leng,-1,-1,E:\Iwi\Corrected\Iwi_018Patukirikiri.shp,Shape_Leng,-1,-1,E:\Iwi\Corrected\Iwi_019NgatiPoroukiHauraungakiMataora.shp,Shape_Leng,-1,-1,E:\Iwi\Corrected\Iwi_020NgatiPukengakiWaiau.shp,Shape_Leng,-1,-1,E:\Iwi\Corrected\Iwi_022NgaiTai.shp,Shape_Leng,-1,-1,E:\Iwi\Corrected\Iwi_023NgatiTamatera.shp,Shape_Leng,-1,-1,E:\Iwi\Corrected\Iwi_026Waikato.shp,Shape_Leng,-1,-1,E:\Iwi\Corrected\Iwi_027NgatiManiapoto.shp,Shape_Leng,-1,-1,E:\Iwi\Corrected\Iwi_028Raukawa.shp,Shape_Leng,-1,-1,E:\Iwi\Corrected\Iwi_030NgatiMakino.shp,Shape_Leng,-1,-1,E:\Iwi\Corrected\Iwi_031NgatiPikiao.shp,Shape_Leng,-1,-1,E:\Iwi\Corrected\Iwi_032NgatiRangitaeorere.shp,Shape_Leng,-1,-1,E:\Iwi\Corrected\Iwi_033NgatiRangitihi.shp,Shape_Leng,-1,-1,E:\Iwi\Corrected\Iwi_034NgatiRangiwewehi.shp,Shape_Leng,-1,-1,E:\Iwi\Corrected\Iwi_035Tapuika.shp,Shape_Leng,-1,-1,E:\Iwi\Corrected\Iwi_036Tarawhai.shp,Shape_Leng,-1,-1,E:\Iwi\Corrected\Iwi_037Tuhourangi.shp,Shape_Leng,-1,-1,E:\Iwi\Corrected\Iwi_038TeUreoUenukukopako_NgatiWhakaue.shp,Shape_Leng,-1,-1,E:\Iwi\Corrected\Iwi_040Waitaha.shp,Shape_Leng,-1,-1,E:\Iwi\Corrected\Iwi_041NgatiTahu_NgatiWhaoa.shp,Shape_Leng,-1,-1,E:\Iwi\Corrected\Iwi_042NgatiTuwharetoa.shp,Shape_Leng,-1,-1,E:\Iwi\Corrected\Iwi_044NgatiTuwharetoa_BOP.shp,Shape_Leng,-1,-1,E:\Iwi\Corrected\Iwi_045NgatiPukenga.shp,Shape_Leng,-1,-1,E:\Iwi\Corrected\Iwi_046NgaiTeRangi.shp,Shape_Leng,-1,-1,E:\Iwi\Corrected\Iwi_047NgatiRanginui.shp,Shape_Leng,-1,-1,E:\Iwi\Corrected\Iwi_048NgatiAwa.shp,Shape_Leng,-1,-1,E:\Iwi\Corrected\Iwi_049NgatiManawa.shp,Shape_Leng,-1,-1,E:\Iwi\Corrected\Iwi_050NgatiWhare.shp,Shape_Leng,-1,-1,E:\Iwi\Corrected\Iwi_051NgaiTai_BOP.shp,Shape_Leng,-1,-1,E:\Iwi\Corrected\Iwi_052Tuhoe.shp,Shape_Leng,-1,-1,E:\Iwi\Corrected\Iwi_053Whakatohea.shp,Shape_Leng,-1,-1,E:\Iwi\Corrected\Iwi_054TeWhanauaApanui.shp,Shape_Leng,-1,-1,E:\Iwi\Corrected\Iwi_055NgatiPorou.shp,Shape_Leng,-1,-1,E:\Iwi\Corrected\Iwi_056TeAitangaaMahaki.shp,Shape_Leng,-1,-1,E:\Iwi\Corrected\Iwi_057Rongowhakaata.shp,Shape_Leng,-1,-1,E:\Iwi\Corrected\Iwi_058NgaiTamanuhiri.shp,Shape_Leng,-1,-1,E:\Iwi\Corrected\Iwi_059NgatiKahungunu.shp,Shape_Leng,-1,-1,E:\Iwi\Corrected\Iwi_060NgatiTama.shp,Shape_Leng,-1,-1,E:\Iwi\Corrected\Iwi_061NgatiMutunga.shp,Shape_Leng,-1,-1,E:\Iwi\Corrected\Iwi_062TeAtiawa_Taranaki.shp,Shape_Leng,-1,-1,E:\Iwi\Corrected\Iwi_063Taranaki.shp,Shape_Leng,-1,-1,E:\Iwi\Corrected\Iwi_064NgatiMaru_Taranaki.shp,Shape_Leng,-1,-1,E:\Iwi\Corrected\Iwi_065NgaRuahine.shp,Shape_Leng,-1,-1,E:\Iwi\Corrected\Iwi_066NgatiRuanui.shp,Shape_Leng,-1,-1,E:\Iwi\Corrected\Iwi_067NgaRauruKitahi.shp,Shape_Leng,-1,-1,E:\Iwi\Corrected\Iwi_068TeAtihaunuiaPaparangi.shp,Shape_Leng,-1,-1,E:\Iwi\Corrected\Iwi_070NgatiApa.shp,Shape_Leng,-1,-1,E:\Iwi\Corrected\Iwi_071Rangitane_NorthIsland.shp,Shape_Leng,-1,-1,E:\Iwi\Corrected\Iwi_073NgatiHauiti.shp,Shape_Leng,-1,-1,E:\Iwi\Corrected\Iwi_074Muaupoko.shp,Shape_Leng,-1,-1,E:\Iwi\Corrected\Iwi_075NgatiRaukawakiteTonga.shp,Shape_Leng,-1,-1,E:\Iwi\Corrected\Iwi_076NgatiToaRangatira.shp,Shape_Leng,-1,-1,E:\Iwi\Corrected\Iwi_077TeAtiawaoTeWakaaMaui.shp,Shape_Leng,-1,-1,E:\Iwi\Corrected\Iwi_079TeAtiawakiWhakarongotai.shp,Shape_Leng,-1,-1,E:\Iwi\Corrected\Iwi_080NgatiApakiteWaipounamu.shp,Shape_Leng,-1,-1,E:\Iwi\Corrected\Iwi_081RangitaneoWairau.shp,Shape_Leng,-1,-1,E:\Iwi\Corrected\Iwi_082NgatiKuia.shp,Shape_Leng,-1,-1,E:\Iwi\Corrected\Iwi_083NgatiRarua.shp,Shape_Leng,-1,-1,E:\Iwi\Corrected\Iwi_084NgatiKoata.shp,Shape_Leng,-1,-1,E:\Iwi\Corrected\Iwi_085NgatiTamakiTeTauIhu.shp,Shape_Leng,-1,-1,E:\Iwi\Corrected\Iwi_086TeAtiawa_Wellington.shp,Shape_Leng,-1,-1,E:\Iwi\Corrected\Iwi_087NgaiTahu.shp,Shape_Leng,-1,-1,E:\Iwi\Corrected\Iwi_088NgatiMutunga_ChathamIslands.shp,Shape_Leng,-1,-1,E:\Iwi\Corrected\Iwi_089Moriori.shp,Shape_Leng,-1,-1,E:\Iwi\Corrected\Iwi_090NgatiKearoa_NgatiTuara.shp,Shape_Leng,-1,-1,E:\Iwi\Corrected\Iwi_091TaranakiWhanuikiteUpokooteIka.shp,Shape_Leng,-1,-1,E:\Iwi\Corrected\Iwi_092NgatiRongomai.shp,Shape_Leng,-1,-1,E:\Iwi\Corrected\Iwi_093NgatiRangi.shp,Shape_Leng,-1,-1,E:\Iwi\Corrected\Iwi_094TeKawerauaMaki.shp,Shape_Leng,-1,-1,E:\Iwi\Corrected\Iwi_095NgatiPahauwera.shp,Shape_Leng,-1,-1,E:\Iwi\Corrected\Iwi_096NgatiHineuru.shp,Shape_Leng,-1,-1,E:\Iwi\Corrected\Iwi_097MaungaharuruTangitu.shp,Shape_Leng,-1,-1,E:\Iwi\Corrected\Iwi_098ManaAhuriri.shp,Shape_Leng,-1,-1,E:\Iwi\Corrected\Iwi_099RuapanikiWaikaremoana.shp,Shape_Leng,-1,-1,E:\Iwi\Corrected\Iwi_100NgatiRehua.shp,Shape_Leng,-1,-1,E:\Iwi\Corrected\Iwi_101NgatiManuhiri.shp,Shape_Leng,-1,-1,E:\Iwi\Corrected\Iwi_103NgatiWhatuaoKaipara.shp,Shape_Leng,-1,-1,E:\Iwi\Corrected\Iwi_104NgatiTamaoho.shp,Shape_Leng,-1,-1,E:\Iwi\Corrected\Iwi_105NgatiKorokiKahukura.shp,Shape_Leng,-1,-1,E:\Iwi\Corrected\Iwi_106Rereahu.shp,Shape_Leng,-1,-1,E:\Iwi\Corrected\Iwi_107HeretaungaTamatea.shp,Shape_Leng,-1,-1,E:\Iwi\Corrected\Iwi_108TeWairoa.shp,Shape_Leng,-1,-1,E:\Iwi\Corrected\Iwi_111TeAkitaiWaiohua.shp,Shape_Leng,-1,-1,E:\Iwi\Corrected\Iwi_113Pouakani.shp,SHAPE_Leng,-1,-1,E:\Iwi\Corrected\Iwi_114NgatiKahungunukiWaurarapa_TamakiNuiaRua.shp,Shape_Leng,-1,-1,E:\Iwi\Corrected\Iwi_115NgatiHaua.shp,Shape_Leng,-1,-1;Shape_Area "Shape_Area" true true false 19 Double 0 0 ,First,#,E:\Iwi\Corrected\Iwi_001NgaiTakoto.shp,Shape_Area,-1,-1,E:\Iwi\Corrected\Iwi_002NgatiKuri.shp,Shape_Area,-1,-1,E:\Iwi\Corrected\Iwi_003TeAupouri.shp,Shape_Area,-1,-1,E:\Iwi\Corrected\Iwi_004TeRarawa.shp,Shape_Area,-1,-1,E:\Iwi\Corrected\Iwi_005NgatiKahu.shp,Shape_Area,-1,-1,E:\Iwi\Corrected\Iwi_006Ngapuhi_NgatiKahukiWhangaroa.shp,Shape_Area,-1,-1,E:\Iwi\Corrected\Iwi_007NgatiKahukiWhangaroa.shp,Shape_Area,-1,-1,E:\Iwi\Corrected\Iwi_008Ngapuhi.shp,Shape_Area,-1,-1,E:\Iwi\Corrected\Iwi_009NgatiWai.shp,Shape_Area,-1,-1,E:\Iwi\Corrected\Iwi_010NgatiWhatua.shp,Shape_Area,-1,-1,E:\Iwi\Corrected\Iwi_011TeUrioHau.shp,Shape_Area,-1,-1,E:\Iwi\Corrected\Iwi_012TeRoroa.shp,Shape_Area,-1,-1,E:\Iwi\Corrected\Iwi_013NgatiWhatuaoOrakei.shp,Shape_Area,-1,-1,E:\Iwi\Corrected\Iwi_014NgatiHako.shp,Shape_Area,-1,-1,E:\Iwi\Corrected\Iwi_015NgatiHei.shp,Shape_Area,-1,-1,E:\Iwi\Corrected\Iwi_016_NgatiMaru_Hauraki.shp,Shape_Area,-1,-1,E:\Iwi\Corrected\Iwi_017NgatiPaoa.shp,Shape_Area,-1,-1,E:\Iwi\Corrected\Iwi_018Patukirikiri.shp,Shape_Area,-1,-1,E:\Iwi\Corrected\Iwi_019NgatiPoroukiHauraungakiMataora.shp,Shape_Area,-1,-1,E:\Iwi\Corrected\Iwi_020NgatiPukengakiWaiau.shp,Shape_Area,-1,-1,E:\Iwi\Corrected\Iwi_022NgaiTai.shp,Shape_Area,-1,-1,E:\Iwi\Corrected\Iwi_023NgatiTamatera.shp,Shape_Area,-1,-1,E:\Iwi\Corrected\Iwi_026Waikato.shp,Shape_Area,-1,-1,E:\Iwi\Corrected\Iwi_027NgatiManiapoto.shp,Shape_Area,-1,-1,E:\Iwi\Corrected\Iwi_028Raukawa.shp,Shape_Area,-1,-1,E:\Iwi\Corrected\Iwi_030NgatiMakino.shp,Shape_Area,-1,-1,E:\Iwi\Corrected\Iwi_031NgatiPikiao.shp,Shape_Area,-1,-1,E:\Iwi\Corrected\Iwi_032NgatiRangitaeorere.shp,Shape_Area,-1,-1,E:\Iwi\Corrected\Iwi_033NgatiRangitihi.shp,Shape_Area,-1,-1,E:\Iwi\Corrected\Iwi_034NgatiRangiwewehi.shp,Shape_Area,-1,-1,E:\Iwi\Corrected\Iwi_035Tapuika.shp,Shape_Area,-1,-1,E:\Iwi\Corrected\Iwi_036Tarawhai.shp,Shape_Area,-1,-1,E:\Iwi\Corrected\Iwi_037Tuhourangi.shp,Shape_Area,-1,-1,E:\Iwi\Corrected\Iwi_038TeUreoUenukukopako_NgatiWhakaue.shp,Shape_Area,-1,-1,E:\Iwi\Corrected\Iwi_040Waitaha.shp,Shape_Area,-1,-1,E:\Iwi\Corrected\Iwi_041NgatiTahu_NgatiWhaoa.shp,Shape_Area,-1,-1,E:\Iwi\Corrected\Iwi_042NgatiTuwharetoa.shp,Shape_Area,-1,-1,E:\Iwi\Corrected\Iwi_044NgatiTuwharetoa_BOP.shp,Shape_Area,-1,-1,E:\Iwi\Corrected\Iwi_045NgatiPukenga.shp,Shape_Area,-1,-1,E:\Iwi\Corrected\Iwi_046NgaiTeRangi.shp,Shape_Area,-1,-1,E:\Iwi\Corrected\Iwi_047NgatiRanginui.shp,Shape_Area,-1,-1,E:\Iwi\Corrected\Iwi_048NgatiAwa.shp,Shape_Area,-1,-1,E:\Iwi\Corrected\Iwi_049NgatiManawa.shp,Shape_Area,-1,-1,E:\Iwi\Corrected\Iwi_050NgatiWhare.shp,Shape_Area,-1,-1,E:\Iwi\Corrected\Iwi_051NgaiTai_BOP.shp,Shape_Area,-1,-1,E:\Iwi\Corrected\Iwi_052Tuhoe.shp,Shape_Area,-1,-1,E:\Iwi\Corrected\Iwi_053Whakatohea.shp,Shape_Area,-1,-1,E:\Iwi\Corrected\Iwi_054TeWhanauaApanui.shp,Shape_Area,-1,-1,E:\Iwi\Corrected\Iwi_055NgatiPorou.shp,Shape_Area,-1,-1,E:\Iwi\Corrected\Iwi_056TeAitangaaMahaki.shp,Shape_Area,-1,-1,E:\Iwi\Corrected\Iwi_057Rongowhakaata.shp,Shape_Area,-1,-1,E:\Iwi\Corrected\Iwi_058NgaiTamanuhiri.shp,Shape_Area,-1,-1,E:\Iwi\Corrected\Iwi_059NgatiKahungunu.shp,Shape_Area,-1,-1,E:\Iwi\Corrected\Iwi_060NgatiTama.shp,Shape_Area,-1,-1,E:\Iwi\Corrected\Iwi_061NgatiMutunga.shp,Shape_Area,-1,-1,E:\Iwi\Corrected\Iwi_062TeAtiawa_Taranaki.shp,Shape_Area,-1,-1,E:\Iwi\Corrected\Iwi_063Taranaki.shp,Shape_Area,-1,-1,E:\Iwi\Corrected\Iwi_064NgatiMaru_Taranaki.shp,Shape_Area,-1,-1,E:\Iwi\Corrected\Iwi_065NgaRuahine.shp,Shape_Area,-1,-1,E:\Iwi\Corrected\Iwi_066NgatiRuanui.shp,Shape_Area,-1,-1,E:\Iwi\Corrected\Iwi_067NgaRauruKitahi.shp,Shape_Area,-1,-1,E:\Iwi\Corrected\Iwi_068TeAtihaunuiaPaparangi.shp,Shape_Area,-1,-1,E:\Iwi\Corrected\Iwi_070NgatiApa.shp,Shape_Area,-1,-1,E:\Iwi\Corrected\Iwi_071Rangitane_NorthIsland.shp,Shape_Area,-1,-1,E:\Iwi\Corrected\Iwi_073NgatiHauiti.shp,Shape_Area,-1,-1,E:\Iwi\Corrected\Iwi_074Muaupoko.shp,Shape_Area,-1,-1,E:\Iwi\Corrected\Iwi_075NgatiRaukawakiteTonga.shp,Shape_Area,-1,-1,E:\Iwi\Corrected\Iwi_076NgatiToaRangatira.shp,Shape_Area,-1,-1,E:\Iwi\Corrected\Iwi_077TeAtiawaoTeWakaaMaui.shp,Shape_Area,-1,-1,E:\Iwi\Corrected\Iwi_079TeAtiawakiWhakarongotai.shp,Shape_Area,-1,-1,E:\Iwi\Corrected\Iwi_080NgatiApakiteWaipounamu.shp,Shape_Area,-1,-1,E:\Iwi\Corrected\Iwi_081RangitaneoWairau.shp,Shape_Area,-1,-1,E:\Iwi\Corrected\Iwi_082NgatiKuia.shp,Shape_Area,-1,-1,E:\Iwi\Corrected\Iwi_083NgatiRarua.shp,Shape_Area,-1,-1,E:\Iwi\Corrected\Iwi_084NgatiKoata.shp,Shape_Area,-1,-1,E:\Iwi\Corrected\Iwi_085NgatiTamakiTeTauIhu.shp,Shape_Area,-1,-1,E:\Iwi\Corrected\Iwi_086TeAtiawa_Wellington.shp,Shape_Area,-1,-1,E:\Iwi\Corrected\Iwi_087NgaiTahu.shp,Shape_Area,-1,-1,E:\Iwi\Corrected\Iwi_088NgatiMutunga_ChathamIslands.shp,Shape_Area,-1,-1,E:\Iwi\Corrected\Iwi_089Moriori.shp,Shape_Area,-1,-1,E:\Iwi\Corrected\Iwi_090NgatiKearoa_NgatiTuara.shp,Shape_Area,-1,-1,E:\Iwi\Corrected\Iwi_091TaranakiWhanuikiteUpokooteIka.shp,Shape_Area,-1,-1,E:\Iwi\Corrected\Iwi_092NgatiRongomai.shp,Shape_Area,-1,-1,E:\Iwi\Corrected\Iwi_093NgatiRangi.shp,Shape_Area,-1,-1,E:\Iwi\Corrected\Iwi_094TeKawerauaMaki.shp,Shape_Area,-1,-1,E:\Iwi\Corrected\Iwi_095NgatiPahauwera.shp,Shape_Area,-1,-1,E:\Iwi\Corrected\Iwi_096NgatiHineuru.shp,Shape_Area,-1,-1,E:\Iwi\Corrected\Iwi_097MaungaharuruTangitu.shp,Shape_Area,-1,-1,E:\Iwi\Corrected\Iwi_098ManaAhuriri.shp,Shape_Area,-1,-1,E:\Iwi\Corrected\Iwi_099RuapanikiWaikaremoana.shp,Shape_Area,-1,-1,E:\Iwi\Corrected\Iwi_100NgatiRehua.shp,Shape_Area,-1,-1,E:\Iwi\Corrected\Iwi_101NgatiManuhiri.shp,Shape_Area,-1,-1,E:\Iwi\Corrected\Iwi_103NgatiWhatuaoKaipara.shp,Shape_Area,-1,-1,E:\Iwi\Corrected\Iwi_104NgatiTamaoho.shp,Shape_Area,-1,-1,E:\Iwi\Corrected\Iwi_105NgatiKorokiKahukura.shp,Shape_Area,-1,-1,E:\Iwi\Corrected\Iwi_106Rereahu.shp,Shape_Area,-1,-1,E:\Iwi\Corrected\Iwi_107HeretaungaTamatea.shp,Shape_Area,-1,-1,E:\Iwi\Corrected\Iwi_108TeWairoa.shp,Shape_Area,-1,-1,E:\Iwi\Corrected\Iwi_111TeAkitaiWaiohua.shp,Shape_Area,-1,-1,E:\Iwi\Corrected\Iwi_113Pouakani.shp,SHAPE_Area,-1,-1,E:\Iwi\Corrected\Iwi_114NgatiKahungunukiWaurarapa_TamakiNuiaRua.shp,Shape_Area,-1,-1,E:\Iwi\Corrected\Iwi_115NgatiHaua.shp,Shape_Area,-1,-1;Name "Name" true true false 50 Text 0 0 ,First,#,E:\Iwi\Corrected\Iwi_001NgaiTakoto.shp,Name,-1,-1,E:\Iwi\Corrected\Iwi_002NgatiKuri.shp,Name,-1,-1,E:\Iwi\Corrected\Iwi_003TeAupouri.shp,Name,-1,-1,E:\Iwi\Corrected\Iwi_004TeRarawa.shp,Name,-1,-1,E:\Iwi\Corrected\Iwi_005NgatiKahu.shp,Name,-1,-1,E:\Iwi\Corrected\Iwi_006Ngapuhi_NgatiKahukiWhangaroa.shp,Name,-1,-1,E:\Iwi\Corrected\Iwi_007NgatiKahukiWhangaroa.shp,Name,-1,-1,E:\Iwi\Corrected\Iwi_008Ngapuhi.shp,Name,-1,-1,E:\Iwi\Corrected\Iwi_009NgatiWai.shp,Name,-1,-1,E:\Iwi\Corrected\Iwi_010NgatiWhatua.shp,Name,-1,-1,E:\Iwi\Corrected\Iwi_011TeUrioHau.shp,Name,-1,-1,E:\Iwi\Corrected\Iwi_012TeRoroa.shp,Name,-1,-1,E:\Iwi\Corrected\Iwi_013NgatiWhatuaoOrakei.shp,Name,-1,-1,E:\Iwi\Corrected\Iwi_014NgatiHako.shp,Name,-1,-1,E:\Iwi\Corrected\Iwi_015NgatiHei.shp,Name,-1,-1,E:\Iwi\Corrected\Iwi_016_NgatiMaru_Hauraki.shp,Name,-1,-1,E:\Iwi\Corrected\Iwi_017NgatiPaoa.shp,Name,-1,-1,E:\Iwi\Corrected\Iwi_018Patukirikiri.shp,Name,-1,-1,E:\Iwi\Corrected\Iwi_019NgatiPoroukiHauraungakiMataora.shp,Name,-1,-1,E:\Iwi\Corrected\Iwi_020NgatiPukengakiWaiau.shp,Name,-1,-1,E:\Iwi\Corrected\Iwi_022NgaiTai.shp,Name,-1,-1,E:\Iwi\Corrected\Iwi_023NgatiTamatera.shp,Name,-1,-1,E:\Iwi\Corrected\Iwi_026Waikato.shp,Name,-1,-1,E:\Iwi\Corrected\Iwi_027NgatiManiapoto.shp,Name,-1,-1,E:\Iwi\Corrected\Iwi_028Raukawa.shp,Name,-1,-1,E:\Iwi\Corrected\Iwi_030NgatiMakino.shp,Name,-1,-1,E:\Iwi\Corrected\Iwi_031NgatiPikiao.shp,Name,-1,-1,E:\Iwi\Corrected\Iwi_032NgatiRangitaeorere.shp,Name,-1,-1,E:\Iwi\Corrected\Iwi_033NgatiRangitihi.shp,Name,-1,-1,E:\Iwi\Corrected\Iwi_034NgatiRangiwewehi.shp,Name,-1,-1,E:\Iwi\Corrected\Iwi_035Tapuika.shp,Name,-1,-1,E:\Iwi\Corrected\Iwi_036Tarawhai.shp,Name,-1,-1,E:\Iwi\Corrected\Iwi_037Tuhourangi.shp,Name,-1,-1,E:\Iwi\Corrected\Iwi_038TeUreoUenukukopako_NgatiWhakaue.shp,Name,-1,-1,E:\Iwi\Corrected\Iwi_040Waitaha.shp,Name,-1,-1,E:\Iwi\Corrected\Iwi_041NgatiTahu_NgatiWhaoa.shp,Name,-1,-1,E:\Iwi\Corrected\Iwi_042NgatiTuwharetoa.shp,Name,-1,-1,E:\Iwi\Corrected\Iwi_044NgatiTuwharetoa_BOP.shp,Name,-1,-1,E:\Iwi\Corrected\Iwi_045NgatiPukenga.shp,Name,-1,-1,E:\Iwi\Corrected\Iwi_046NgaiTeRangi.shp,Name,-1,-1,E:\Iwi\Corrected\Iwi_047NgatiRanginui.shp,Name,-1,-1,E:\Iwi\Corrected\Iwi_048NgatiAwa.shp,Name,-1,-1,E:\Iwi\Corrected\Iwi_049NgatiManawa.shp,Name,-1,-1,E:\Iwi\Corrected\Iwi_050NgatiWhare.shp,Name,-1,-1,E:\Iwi\Corrected\Iwi_051NgaiTai_BOP.shp,Name,-1,-1,E:\Iwi\Corrected\Iwi_052Tuhoe.shp,Name,-1,-1,E:\Iwi\Corrected\Iwi_053Whakatohea.shp,Name,-1,-1,E:\Iwi\Corrected\Iwi_054TeWhanauaApanui.shp,Name,-1,-1,E:\Iwi\Corrected\Iwi_055NgatiPorou.shp,Name,-1,-1,E:\Iwi\Corrected\Iwi_056TeAitangaaMahaki.shp,Name,-1,-1,E:\Iwi\Corrected\Iwi_057Rongowhakaata.shp,Name,-1,-1,E:\Iwi\Corrected\Iwi_058NgaiTamanuhiri.shp,Name,-1,-1,E:\Iwi\Corrected\Iwi_059NgatiKahungunu.shp,Name,-1,-1,E:\Iwi\Corrected\Iwi_060NgatiTama.shp,Name,-1,-1,E:\Iwi\Corrected\Iwi_061NgatiMutunga.shp,Name,-1,-1,E:\Iwi\Corrected\Iwi_062TeAtiawa_Taranaki.shp,Name,-1,-1,E:\Iwi\Corrected\Iwi_063Taranaki.shp,Name,-1,-1,E:\Iwi\Corrected\Iwi_064NgatiMaru_Taranaki.shp,Name,-1,-1,E:\Iwi\Corrected\Iwi_065NgaRuahine.shp,Name,-1,-1,E:\Iwi\Corrected\Iwi_066NgatiRuanui.shp,Name,-1,-1,E:\Iwi\Corrected\Iwi_067NgaRauruKitahi.shp,Name,-1,-1,E:\Iwi\Corrected\Iwi_068TeAtihaunuiaPaparangi.shp,Name,-1,-1,E:\Iwi\Corrected\Iwi_070NgatiApa.shp,Name,-1,-1,E:\Iwi\Corrected\Iwi_071Rangitane_NorthIsland.shp,Name,-1,-1,E:\Iwi\Corrected\Iwi_073NgatiHauiti.shp,Name,-1,-1,E:\Iwi\Corrected\Iwi_074Muaupoko.shp,Name,-1,-1,E:\Iwi\Corrected\Iwi_075NgatiRaukawakiteTonga.shp,Name,-1,-1,E:\Iwi\Corrected\Iwi_076NgatiToaRangatira.shp,Name,-1,-1,E:\Iwi\Corrected\Iwi_077TeAtiawaoTeWakaaMaui.shp,Name,-1,-1,E:\Iwi\Corrected\Iwi_079TeAtiawakiWhakarongotai.shp,Name,-1,-1,E:\Iwi\Corrected\Iwi_080NgatiApakiteWaipounamu.shp,Name,-1,-1,E:\Iwi\Corrected\Iwi_081RangitaneoWairau.shp,Name,-1,-1,E:\Iwi\Corrected\Iwi_082NgatiKuia.shp,Name,-1,-1,E:\Iwi\Corrected\Iwi_083NgatiRarua.shp,Name,-1,-1,E:\Iwi\Corrected\Iwi_084NgatiKoata.shp,Name,-1,-1,E:\Iwi\Corrected\Iwi_085NgatiTamakiTeTauIhu.shp,Name,-1,-1,E:\Iwi\Corrected\Iwi_086TeAtiawa_Wellington.shp,Name,-1,-1,E:\Iwi\Corrected\Iwi_087NgaiTahu.shp,Name,-1,-1,E:\Iwi\Corrected\Iwi_088NgatiMutunga_ChathamIslands.shp,Name,-1,-1,E:\Iwi\Corrected\Iwi_089Moriori.shp,Name,-1,-1,E:\Iwi\Corrected\Iwi_090NgatiKearoa_NgatiTuara.shp,Name,-1,-1,E:\Iwi\Corrected\Iwi_091TaranakiWhanuikiteUpokooteIka.shp,Name,-1,-1,E:\Iwi\Corrected\Iwi_092NgatiRongomai.shp,Name,-1,-1,E:\Iwi\Corrected\Iwi_093NgatiRangi.shp,Name,-1,-1,E:\Iwi\Corrected\Iwi_094TeKawerauaMaki.shp,Name,-1,-1,E:\Iwi\Corrected\Iwi_095NgatiPahauwera.shp,Name,-1,-1,E:\Iwi\Corrected\Iwi_096NgatiHineuru.shp,Name,-1,-1,E:\Iwi\Corrected\Iwi_097MaungaharuruTangitu.shp,Name,-1,-1,E:\Iwi\Corrected\Iwi_098ManaAhuriri.shp,Name,-1,-1,E:\Iwi\Corrected\Iwi_099RuapanikiWaikaremoana.shp,Name,-1,-1,E:\Iwi\Corrected\Iwi_100NgatiRehua.shp,Name,-1,-1,E:\Iwi\Corrected\Iwi_101NgatiManuhiri.shp,Name,-1,-1,E:\Iwi\Corrected\Iwi_103NgatiWhatuaoKaipara.shp,Name,-1,-1,E:\Iwi\Corrected\Iwi_104NgatiTamaoho.shp,Name,-1,-1,E:\Iwi\Corrected\Iwi_105NgatiKorokiKahukura.shp,Name,-1,-1,E:\Iwi\Corrected\Iwi_106Rereahu.shp,Name,-1,-1,E:\Iwi\Corrected\Iwi_107HeretaungaTamatea.shp,Name,-1,-1,E:\Iwi\Corrected\Iwi_108TeWairoa.shp,Name,-1,-1,E:\Iwi\Corrected\Iwi_111TeAkitaiWaiohua.shp,Name,-1,-1,E:\Iwi\Corrected\Iwi_113Pouakani.shp,Name,-1,-1,E:\Iwi\Corrected\Iwi_114NgatiKahungunukiWaurarapa_TamakiNuiaRua.shp,Name,-1,-1,E:\Iwi\Corrected\Iwi_115NgatiHaua.shp,Name,-1,-1;Source "Source" true true false 20 Text 0 0 ,First,#,E:\Iwi\Corrected\Iwi_001NgaiTakoto.shp,Source,-1,-1,E:\Iwi\Corrected\Iwi_002NgatiKuri.shp,Source,-1,-1,E:\Iwi\Corrected\Iwi_003TeAupouri.shp,Source,-1,-1,E:\Iwi\Corrected\Iwi_004TeRarawa.shp,Source,-1,-1,E:\Iwi\Corrected\Iwi_005NgatiKahu.shp,Source,-1,-1,E:\Iwi\Corrected\Iwi_006Ngapuhi_NgatiKahukiWhangaroa.shp,Source,-1,-1,E:\Iwi\Corrected\Iwi_007NgatiKahukiWhangaroa.shp,Source,-1,-1,E:\Iwi\Corrected\Iwi_008Ngapuhi.shp,Source,-1,-1,E:\Iwi\Corrected\Iwi_009NgatiWai.shp,Source,-1,-1,E:\Iwi\Corrected\Iwi_010NgatiWhatua.shp,Source,-1,-1,E:\Iwi\Corrected\Iwi_011TeUrioHau.shp,Source,-1,-1,E:\Iwi\Corrected\Iwi_012TeRoroa.shp,Source,-1,-1,E:\Iwi\Corrected\Iwi_013NgatiWhatuaoOrakei.shp,Source,-1,-1,E:\Iwi\Corrected\Iwi_014NgatiHako.shp,Source,-1,-1,E:\Iwi\Corrected\Iwi_015NgatiHei.shp,Source,-1,-1,E:\Iwi\Corrected\Iwi_016_NgatiMaru_Hauraki.shp,Source,-1,-1,E:\Iwi\Corrected\Iwi_017NgatiPaoa.shp,Source,-1,-1,E:\Iwi\Corrected\Iwi_018Patukirikiri.shp,Source,-1,-1,E:\Iwi\Corrected\Iwi_019NgatiPoroukiHauraungakiMataora.shp,Source,-1,-1,E:\Iwi\Corrected\Iwi_020NgatiPukengakiWaiau.shp,Source,-1,-1,E:\Iwi\Corrected\Iwi_022NgaiTai.shp,Source,-1,-1,E:\Iwi\Corrected\Iwi_023NgatiTamatera.shp,Source,-1,-1,E:\Iwi\Corrected\Iwi_026Waikato.shp,Source,-1,-1,E:\Iwi\Corrected\Iwi_027NgatiManiapoto.shp,Source,-1,-1,E:\Iwi\Corrected\Iwi_028Raukawa.shp,Source,-1,-1,E:\Iwi\Corrected\Iwi_030NgatiMakino.shp,Source,-1,-1,E:\Iwi\Corrected\Iwi_031NgatiPikiao.shp,Source,-1,-1,E:\Iwi\Corrected\Iwi_032NgatiRangitaeorere.shp,Source,-1,-1,E:\Iwi\Corrected\Iwi_033NgatiRangitihi.shp,Source,-1,-1,E:\Iwi\Corrected\Iwi_034NgatiRangiwewehi.shp,Source,-1,-1,E:\Iwi\Corrected\Iwi_035Tapuika.shp,Source,-1,-1,E:\Iwi\Corrected\Iwi_036Tarawhai.shp,Source,-1,-1,E:\Iwi\Corrected\Iwi_037Tuhourangi.shp,Source,-1,-1,E:\Iwi\Corrected\Iwi_038TeUreoUenukukopako_NgatiWhakaue.shp,Source,-1,-1,E:\Iwi\Corrected\Iwi_040Waitaha.shp,Source,-1,-1,E:\Iwi\Corrected\Iwi_041NgatiTahu_NgatiWhaoa.shp,Source,-1,-1,E:\Iwi\Corrected\Iwi_042NgatiTuwharetoa.shp,Source,-1,-1,E:\Iwi\Corrected\Iwi_044NgatiTuwharetoa_BOP.shp,Source,-1,-1,E:\Iwi\Corrected\Iwi_045NgatiPukenga.shp,Source,-1,-1,E:\Iwi\Corrected\Iwi_046NgaiTeRangi.shp,Source,-1,-1,E:\Iwi\Corrected\Iwi_047NgatiRanginui.shp,Source,-1,-1,E:\Iwi\Corrected\Iwi_048NgatiAwa.shp,Source,-1,-1,E:\Iwi\Corrected\Iwi_049NgatiManawa.shp,Source,-1,-1,E:\Iwi\Corrected\Iwi_050NgatiWhare.shp,Source,-1,-1,E:\Iwi\Corrected\Iwi_051NgaiTai_BOP.shp,Source,-1,-1,E:\Iwi\Corrected\Iwi_052Tuhoe.shp,Source,-1,-1,E:\Iwi\Corrected\Iwi_053Whakatohea.shp,Source,-1,-1,E:\Iwi\Corrected\Iwi_054TeWhanauaApanui.shp,Source,-1,-1,E:\Iwi\Corrected\Iwi_055NgatiPorou.shp,Source,-1,-1,E:\Iwi\Corrected\Iwi_056TeAitangaaMahaki.shp,Source,-1,-1,E:\Iwi\Corrected\Iwi_057Rongowhakaata.shp,Source,-1,-1,E:\Iwi\Corrected\Iwi_058NgaiTamanuhiri.shp,Source,-1,-1,E:\Iwi\Corrected\Iwi_059NgatiKahungunu.shp,Source,-1,-1,E:\Iwi\Corrected\Iwi_060NgatiTama.shp,Source,-1,-1,E:\Iwi\Corrected\Iwi_061NgatiMutunga.shp,Source,-1,-1,E:\Iwi\Corrected\Iwi_062TeAtiawa_Taranaki.shp,Source,-1,-1,E:\Iwi\Corrected\Iwi_063Taranaki.shp,Source,-1,-1,E:\Iwi\Corrected\Iwi_064NgatiMaru_Taranaki.shp,Source,-1,-1,E:\Iwi\Corrected\Iwi_065NgaRuahine.shp,Source,-1,-1,E:\Iwi\Corrected\Iwi_066NgatiRuanui.shp,Source,-1,-1,E:\Iwi\Corrected\Iwi_067NgaRauruKitahi.shp,Source,-1,-1,E:\Iwi\Corrected\Iwi_068TeAtihaunuiaPaparangi.shp,Source,-1,-1,E:\Iwi\Corrected\Iwi_070NgatiApa.shp,Source,-1,-1,E:\Iwi\Corrected\Iwi_071Rangitane_NorthIsland.shp,Source,-1,-1,E:\Iwi\Corrected\Iwi_073NgatiHauiti.shp,Source,-1,-1,E:\Iwi\Corrected\Iwi_074Muaupoko.shp,Source,-1,-1,E:\Iwi\Corrected\Iwi_075NgatiRaukawakiteTonga.shp,Source,-1,-1,E:\Iwi\Corrected\Iwi_076NgatiToaRangatira.shp,Source,-1,-1,E:\Iwi\Corrected\Iwi_077TeAtiawaoTeWakaaMaui.shp,Source,-1,-1,E:\Iwi\Corrected\Iwi_079TeAtiawakiWhakarongotai.shp,Source,-1,-1,E:\Iwi\Corrected\Iwi_080NgatiApakiteWaipounamu.shp,Source,-1,-1,E:\Iwi\Corrected\Iwi_081RangitaneoWairau.shp,Source,-1,-1,E:\Iwi\Corrected\Iwi_082NgatiKuia.shp,Source,-1,-1,E:\Iwi\Corrected\Iwi_083NgatiRarua.shp,Source,-1,-1,E:\Iwi\Corrected\Iwi_084NgatiKoata.shp,Source,-1,-1,E:\Iwi\Corrected\Iwi_085NgatiTamakiTeTauIhu.shp,Source,-1,-1,E:\Iwi\Corrected\Iwi_086TeAtiawa_Wellington.shp,Source,-1,-1,E:\Iwi\Corrected\Iwi_087NgaiTahu.shp,Source,-1,-1,E:\Iwi\Corrected\Iwi_088NgatiMutunga_ChathamIslands.shp,Source,-1,-1,E:\Iwi\Corrected\Iwi_089Moriori.shp,Source,-1,-1,E:\Iwi\Corrected\Iwi_090NgatiKearoa_NgatiTuara.shp,Source,-1,-1,E:\Iwi\Corrected\Iwi_091TaranakiWhanuikiteUpokooteIka.shp,Source,-1,-1,E:\Iwi\Corrected\Iwi_092NgatiRongomai.shp,Source,-1,-1,E:\Iwi\Corrected\Iwi_093NgatiRangi.shp,Source,-1,-1,E:\Iwi\Corrected\Iwi_094TeKawerauaMaki.shp,Source,-1,-1,E:\Iwi\Corrected\Iwi_095NgatiPahauwera.shp,Source,-1,-1,E:\Iwi\Corrected\Iwi_096NgatiHineuru.shp,Source,-1,-1,E:\Iwi\Corrected\Iwi_097MaungaharuruTangitu.shp,Source,-1,-1,E:\Iwi\Corrected\Iwi_098ManaAhuriri.shp,Source,-1,-1,E:\Iwi\Corrected\Iwi_099RuapanikiWaikaremoana.shp,Source,-1,-1,E:\Iwi\Corrected\Iwi_100NgatiRehua.shp,Source,-1,-1,E:\Iwi\Corrected\Iwi_101NgatiManuhiri.shp,Source,-1,-1,E:\Iwi\Corrected\Iwi_103NgatiWhatuaoKaipara.shp,Source,-1,-1,E:\Iwi\Corrected\Iwi_104NgatiTamaoho.shp,Source,-1,-1,E:\Iwi\Corrected\Iwi_105NgatiKorokiKahukura.shp,Source,-1,-1,E:\Iwi\Corrected\Iwi_106Rereahu.shp,Source,-1,-1,E:\Iwi\Corrected\Iwi_107HeretaungaTamatea.shp,Source,-1,-1,E:\Iwi\Corrected\Iwi_108TeWairoa.shp,Source,-1,-1,E:\Iwi\Corrected\Iwi_111TeAkitaiWaiohua.shp,Source,-1,-1,E:\Iwi\Corrected\Iwi_113Pouakani.shp,Source,-1,-1,E:\Iwi\Corrected\Iwi_114NgatiKahungunukiWaurarapa_TamakiNuiaRua.shp,Source,-1,-1,E:\Iwi\Corrected\Iwi_115NgatiHaua.shp,Source,-1,-1;Bdary_Ref "Bdary_Ref" true true false 50 Text 0 0 ,First,#,E:\Iwi\Corrected\Iwi_001NgaiTakoto.shp,Bdary_Ref,-1,-1,E:\Iwi\Corrected\Iwi_002NgatiKuri.shp,Bdary_Ref,-1,-1,E:\Iwi\Corrected\Iwi_003TeAupouri.shp,Bdary_Ref,-1,-1,E:\Iwi\Corrected\Iwi_004TeRarawa.shp,Bdary_Ref,-1,-1,E:\Iwi\Corrected\Iwi_005NgatiKahu.shp,Bdary_Ref,-1,-1,E:\Iwi\Corrected\Iwi_006Ngapuhi_NgatiKahukiWhangaroa.shp,Bdary_Ref,-1,-1,E:\Iwi\Corrected\Iwi_007NgatiKahukiWhangaroa.shp,Bdary_Ref,-1,-1,E:\Iwi\Corrected\Iwi_008Ngapuhi.shp,Bdary_Ref,-1,-1,E:\Iwi\Corrected\Iwi_009NgatiWai.shp,Bdary_Ref,-1,-1,E:\Iwi\Corrected\Iwi_010NgatiWhatua.shp,Bdary_Ref,-1,-1,E:\Iwi\Corrected\Iwi_011TeUrioHau.shp,Bdary_Ref,-1,-1,E:\Iwi\Corrected\Iwi_012TeRoroa.shp,Bdary_Ref,-1,-1,E:\Iwi\Corrected\Iwi_013NgatiWhatuaoOrakei.shp,Bdary_Ref,-1,-1,E:\Iwi\Corrected\Iwi_014NgatiHako.shp,Bdary_Ref,-1,-1,E:\Iwi\Corrected\Iwi_015NgatiHei.shp,Bdary_Ref,-1,-1,E:\Iwi\Corrected\Iwi_016_NgatiMaru_Hauraki.shp,Bdary_Ref,-1,-1,E:\Iwi\Corrected\Iwi_017NgatiPaoa.shp,Bdary_Ref,-1,-1,E:\Iwi\Corrected\Iwi_018Patukirikiri.shp,Bdary_Ref,-1,-1,E:\Iwi\Corrected\Iwi_019NgatiPoroukiHauraungakiMataora.shp,Bdary_Ref,-1,-1,E:\Iwi\Corrected\Iwi_020NgatiPukengakiWaiau.shp,Bdary_Ref,-1,-1,E:\Iwi\Corrected\Iwi_022NgaiTai.shp,Bdary_Ref,-1,-1,E:\Iwi\Corrected\Iwi_023NgatiTamatera.shp,Bdary_Ref,-1,-1,E:\Iwi\Corrected\Iwi_026Waikato.shp,Bdary_Ref,-1,-1,E:\Iwi\Corrected\Iwi_027NgatiManiapoto.shp,Bdary_Ref,-1,-1,E:\Iwi\Corrected\Iwi_028Raukawa.shp,Bdary_Ref,-1,-1,E:\Iwi\Corrected\Iwi_030NgatiMakino.shp,Bdary_Ref,-1,-1,E:\Iwi\Corrected\Iwi_031NgatiPikiao.shp,Bdary_Ref,-1,-1,E:\Iwi\Corrected\Iwi_032NgatiRangitaeorere.shp,Bdary_Ref,-1,-1,E:\Iwi\Corrected\Iwi_033NgatiRangitihi.shp,Bdary_Ref,-1,-1,E:\Iwi\Corrected\Iwi_034NgatiRangiwewehi.shp,Bdary_Ref,-1,-1,E:\Iwi\Corrected\Iwi_035Tapuika.shp,Bdary_Ref,-1,-1,E:\Iwi\Corrected\Iwi_036Tarawhai.shp,Bdary_Ref,-1,-1,E:\Iwi\Corrected\Iwi_037Tuhourangi.shp,Bdary_Ref,-1,-1,E:\Iwi\Corrected\Iwi_038TeUreoUenukukopako_NgatiWhakaue.shp,Bdary_Ref,-1,-1,E:\Iwi\Corrected\Iwi_040Waitaha.shp,Bdary_Ref,-1,-1,E:\Iwi\Corrected\Iwi_041NgatiTahu_NgatiWhaoa.shp,Bdary_Ref,-1,-1,E:\Iwi\Corrected\Iwi_042NgatiTuwharetoa.shp,Bdary_Ref,-1,-1,E:\Iwi\Corrected\Iwi_044NgatiTuwharetoa_BOP.shp,Bdary_Ref,-1,-1,E:\Iwi\Corrected\Iwi_045NgatiPukenga.shp,Bdary_Ref,-1,-1,E:\Iwi\Corrected\Iwi_046NgaiTeRangi.shp,Bdary_Ref,-1,-1,E:\Iwi\Corrected\Iwi_047NgatiRanginui.shp,Bdary_Ref,-1,-1,E:\Iwi\Corrected\Iwi_048NgatiAwa.shp,Bdary_Ref,-1,-1,E:\Iwi\Corrected\Iwi_049NgatiManawa.shp,Bdary_Ref,-1,-1,E:\Iwi\Corrected\Iwi_050NgatiWhare.shp,Bdary_Ref,-1,-1,E:\Iwi\Corrected\Iwi_051NgaiTai_BOP.shp,Bdary_Ref,-1,-1,E:\Iwi\Corrected\Iwi_052Tuhoe.shp,Bdary_Ref,-1,-1,E:\Iwi\Corrected\Iwi_053Whakatohea.shp,Bdary_Ref,-1,-1,E:\Iwi\Corrected\Iwi_054TeWhanauaApanui.shp,Bdary_Ref,-1,-1,E:\Iwi\Corrected\Iwi_055NgatiPorou.shp,Bdary_Ref,-1,-1,E:\Iwi\Corrected\Iwi_056TeAitangaaMahaki.shp,Bdary_Ref,-1,-1,E:\Iwi\Corrected\Iwi_057Rongowhakaata.shp,Bdary_Ref,-1,-1,E:\Iwi\Corrected\Iwi_058NgaiTamanuhiri.shp,Bdary_Ref,-1,-1,E:\Iwi\Corrected\Iwi_059NgatiKahungunu.shp,Bdary_Ref,-1,-1,E:\Iwi\Corrected\Iwi_060NgatiTama.shp,Bdary_Ref,-1,-1,E:\Iwi\Corrected\Iwi_061NgatiMutunga.shp,Bdary_ref,-1,-1,E:\Iwi\Corrected\Iwi_062TeAtiawa_Taranaki.shp,Bdary_Ref,-1,-1,E:\Iwi\Corrected\Iwi_063Taranaki.shp,Bdary_Ref,-1,-1,E:\Iwi\Corrected\Iwi_064NgatiMaru_Taranaki.shp,Bdary_Ref,-1,-1,E:\Iwi\Corrected\Iwi_065NgaRuahine.shp,Bdary_Ref,-1,-1,E:\Iwi\Corrected\Iwi_066NgatiRuanui.shp,Bdary_Ref,-1,-1,E:\Iwi\Corrected\Iwi_067NgaRauruKitahi.shp,Bdary_Ref,-1,-1,E:\Iwi\Corrected\Iwi_068TeAtihaunuiaPaparangi.shp,Bdary_Ref,-1,-1,E:\Iwi\Corrected\Iwi_070NgatiApa.shp,Bdary_Ref,-1,-1,E:\Iwi\Corrected\Iwi_071Rangitane_NorthIsland.shp,Bdary_Ref,-1,-1,E:\Iwi\Corrected\Iwi_073NgatiHauiti.shp,Bdary_Ref,-1,-1,E:\Iwi\Corrected\Iwi_074Muaupoko.shp,Bdary_Ref,-1,-1,E:\Iwi\Corrected\Iwi_075NgatiRaukawakiteTonga.shp,Bdary_Ref,-1,-1,E:\Iwi\Corrected\Iwi_076NgatiToaRangatira.shp,Bdary_Ref,-1,-1,E:\Iwi\Corrected\Iwi_077TeAtiawaoTeWakaaMaui.shp,Bdary_Ref,-1,-1,E:\Iwi\Corrected\Iwi_079TeAtiawakiWhakarongotai.shp,Bdary_Ref,-1,-1,E:\Iwi\Corrected\Iwi_080NgatiApakiteWaipounamu.shp,Bdary_Ref,-1,-1,E:\Iwi\Corrected\Iwi_081RangitaneoWairau.shp,Bdary_Ref,-1,-1,E:\Iwi\Corrected\Iwi_082NgatiKuia.shp,Bdary_Ref,-1,-1,E:\Iwi\Corrected\Iwi_083NgatiRarua.shp,Bdary_Ref,-1,-1,E:\Iwi\Corrected\Iwi_084NgatiKoata.shp,Bdary_Ref,-1,-1,E:\Iwi\Corrected\Iwi_085NgatiTamakiTeTauIhu.shp,Bdary_Ref,-1,-1,E:\Iwi\Corrected\Iwi_086TeAtiawa_Wellington.shp,Bdary_Ref,-1,-1,E:\Iwi\Corrected\Iwi_087NgaiTahu.shp,Bdary_Ref,-1,-1,E:\Iwi\Corrected\Iwi_088NgatiMutunga_ChathamIslands.shp,Bdary_Ref,-1,-1,E:\Iwi\Corrected\Iwi_089Moriori.shp,Bdary_Ref,-1,-1,E:\Iwi\Corrected\Iwi_090NgatiKearoa_NgatiTuara.shp,Bdary_Ref,-1,-1,E:\Iwi\Corrected\Iwi_091TaranakiWhanuikiteUpokooteIka.shp,Bdary_Ref,-1,-1,E:\Iwi\Corrected\Iwi_092NgatiRongomai.shp,Bdary_Ref,-1,-1,E:\Iwi\Corrected\Iwi_093NgatiRangi.shp,Bdary_Ref,-1,-1,E:\Iwi\Corrected\Iwi_094TeKawerauaMaki.shp,Bdary_Ref,-1,-1,E:\Iwi\Corrected\Iwi_095NgatiPahauwera.shp,Bdary_Ref,-1,-1,E:\Iwi\Corrected\Iwi_096NgatiHineuru.shp,Bdary_Ref,-1,-1,E:\Iwi\Corrected\Iwi_097MaungaharuruTangitu.shp,Bdary_Ref,-1,-1,E:\Iwi\Corrected\Iwi_098ManaAhuriri.shp,Bdary_Ref,-1,-1,E:\Iwi\Corrected\Iwi_099RuapanikiWaikaremoana.shp,Bdary_Ref,-1,-1,E:\Iwi\Corrected\Iwi_100NgatiRehua.shp,Bdary_Ref,-1,-1,E:\Iwi\Corrected\Iwi_101NgatiManuhiri.shp,Bdary_Ref,-1,-1,E:\Iwi\Corrected\Iwi_103NgatiWhatuaoKaipara.shp,Bdary_Ref,-1,-1,E:\Iwi\Corrected\Iwi_104NgatiTamaoho.shp,Bdary_Ref,-1,-1,E:\Iwi\Corrected\Iwi_105NgatiKorokiKahukura.shp,Bdary_Ref,-1,-1,E:\Iwi\Corrected\Iwi_106Rereahu.shp,Bdary_Ref,-1,-1,E:\Iwi\Corrected\Iwi_107HeretaungaTamatea.shp,Bdary_Ref,-1,-1,E:\Iwi\Corrected\Iwi_108TeWairoa.shp,Bdary_Ref,-1,-1,E:\Iwi\Corrected\Iwi_111TeAkitaiWaiohua.shp,Bdary_Ref,-1,-1,E:\Iwi\Corrected\Iwi_113Pouakani.shp,Bdary_Ref,-1,-1,E:\Iwi\Corrected\Iwi_114NgatiKahungunukiWaurarapa_TamakiNuiaRua.shp,Bdary_Ref,-1,-1,E:\Iwi\Corrected\Iwi_115NgatiHaua.shp,Bdary_Ref,-1,-1;TPK_Code "TPK_Code" true true false 3 Text 0 0 ,First,#,E:\Iwi\Corrected\Iwi_001NgaiTakoto.shp,TPK_Code,-1,-1,E:\Iwi\Corrected\Iwi_002NgatiKuri.shp,TPK_Code,-1,-1,E:\Iwi\Corrected\Iwi_003TeAupouri.shp,TPK_Code,-1,-1,E:\Iwi\Corrected\Iwi_004TeRarawa.shp,TPK_Code,-1,-1,E:\Iwi\Corrected\Iwi_005NgatiKahu.shp,TPK_Code,-1,-1,E:\Iwi\Corrected\Iwi_006Ngapuhi_NgatiKahukiWhangaroa.shp,TPK_Code,-1,-1,E:\Iwi\Corrected\Iwi_007NgatiKahukiWhangaroa.shp,TPK_Code,-1,-1,E:\Iwi\Corrected\Iwi_008Ngapuhi.shp,TPK_Code,-1,-1,E:\Iwi\Corrected\Iwi_009NgatiWai.shp,TPK_Code,-1,-1,E:\Iwi\Corrected\Iwi_010NgatiWhatua.shp,TPK_Code,-1,-1,E:\Iwi\Corrected\Iwi_011TeUrioHau.shp,TPK_Code,-1,-1,E:\Iwi\Corrected\Iwi_012TeRoroa.shp,TPK_Code,-1,-1,E:\Iwi\Corrected\Iwi_013NgatiWhatuaoOrakei.shp,TPK_Code,-1,-1,E:\Iwi\Corrected\Iwi_014NgatiHako.shp,TPK_Code,-1,-1,E:\Iwi\Corrected\Iwi_015NgatiHei.shp,TPK_Code,-1,-1,E:\Iwi\Corrected\Iwi_016_NgatiMaru_Hauraki.shp,TPK_Code,-1,-1,E:\Iwi\Corrected\Iwi_017NgatiPaoa.shp,TPK_Code,-1,-1,E:\Iwi\Corrected\Iwi_018Patukirikiri.shp,TPK_Code,-1,-1,E:\Iwi\Corrected\Iwi_019NgatiPoroukiHauraungakiMataora.shp,TPK_Code,-1,-1,E:\Iwi\Corrected\Iwi_020NgatiPukengakiWaiau.shp,TPK_Code,-1,-1,E:\Iwi\Corrected\Iwi_022NgaiTai.shp,TPK_Code,-1,-1,E:\Iwi\Corrected\Iwi_023NgatiTamatera.shp,TPK_Code,-1,-1,E:\Iwi\Corrected\Iwi_026Waikato.shp,TPK_Code,-1,-1,E:\Iwi\Corrected\Iwi_027NgatiManiapoto.shp,TPK_Code,-1,-1,E:\Iwi\Corrected\Iwi_028Raukawa.shp,TPK_Code,-1,-1,E:\Iwi\Corrected\Iwi_030NgatiMakino.shp,TPK_Code,-1,-1,E:\Iwi\Corrected\Iwi_031NgatiPikiao.shp,TPK_Code,-1,-1,E:\Iwi\Corrected\Iwi_032NgatiRangitaeorere.shp,TPK_Code,-1,-1,E:\Iwi\Corrected\Iwi_033NgatiRangitihi.shp,TPK_Code,-1,-1,E:\Iwi\Corrected\Iwi_034NgatiRangiwewehi.shp,TPK_Code,-1,-1,E:\Iwi\Corrected\Iwi_035Tapuika.shp,TPK_Code,-1,-1,E:\Iwi\Corrected\Iwi_036Tarawhai.shp,TPK_Code,-1,-1,E:\Iwi\Corrected\Iwi_037Tuhourangi.shp,TPK_Code,-1,-1,E:\Iwi\Corrected\Iwi_038TeUreoUenukukopako_NgatiWhakaue.shp,TPK_Code,-1,-1,E:\Iwi\Corrected\Iwi_040Waitaha.shp,TPK_Code,-1,-1,E:\Iwi\Corrected\Iwi_041NgatiTahu_NgatiWhaoa.shp,TPK_Code,-1,-1,E:\Iwi\Corrected\Iwi_042NgatiTuwharetoa.shp,TPK_Code,-1,-1,E:\Iwi\Corrected\Iwi_044NgatiTuwharetoa_BOP.shp,TPK_Code,-1,-1,E:\Iwi\Corrected\Iwi_045NgatiPukenga.shp,TPK_Code,-1,-1,E:\Iwi\Corrected\Iwi_046NgaiTeRangi.shp,TPK_Code,-1,-1,E:\Iwi\Corrected\Iwi_047NgatiRanginui.shp,TPK_Code,-1,-1,E:\Iwi\Corrected\Iwi_048NgatiAwa.shp,TPK_Code,-1,-1,E:\Iwi\Corrected\Iwi_049NgatiManawa.shp,TPK_Code,-1,-1,E:\Iwi\Corrected\Iwi_050NgatiWhare.shp,TPK_Code,-1,-1,E:\Iwi\Corrected\Iwi_051NgaiTai_BOP.shp,TPK_Code,-1,-1,E:\Iwi\Corrected\Iwi_052Tuhoe.shp,TPK_Code,-1,-1,E:\Iwi\Corrected\Iwi_053Whakatohea.shp,TPK_Code,-1,-1,E:\Iwi\Corrected\Iwi_054TeWhanauaApanui.shp,TPK_Code,-1,-1,E:\Iwi\Corrected\Iwi_055NgatiPorou.shp,TPK_Code,-1,-1,E:\Iwi\Corrected\Iwi_056TeAitangaaMahaki.shp,TPK_Code,-1,-1,E:\Iwi\Corrected\Iwi_057Rongowhakaata.shp,TPK_Code,-1,-1,E:\Iwi\Corrected\Iwi_058NgaiTamanuhiri.shp,TPK_Code,-1,-1,E:\Iwi\Corrected\Iwi_059NgatiKahungunu.shp,TPK_Code,-1,-1,E:\Iwi\Corrected\Iwi_060NgatiTama.shp,TPK_Code,-1,-1,E:\Iwi\Corrected\Iwi_061NgatiMutunga.shp,TPK_Code,-1,-1,E:\Iwi\Corrected\Iwi_062TeAtiawa_Taranaki.shp,TPK_Code,-1,-1,E:\Iwi\Corrected\Iwi_063Taranaki.shp,TPK_Code,-1,-1,E:\Iwi\Corrected\Iwi_064NgatiMaru_Taranaki.shp,TPK_Code,-1,-1,E:\Iwi\Corrected\Iwi_065NgaRuahine.shp,TPK_Code,-1,-1,E:\Iwi\Corrected\Iwi_066NgatiRuanui.shp,TPK_Code,-1,-1,E:\Iwi\Corrected\Iwi_067NgaRauruKitahi.shp,TPK_Code,-1,-1,E:\Iwi\Corrected\Iwi_068TeAtihaunuiaPaparangi.shp,TPK_Code,-1,-1,E:\Iwi\Corrected\Iwi_070NgatiApa.shp,TPK_Code,-1,-1,E:\Iwi\Corrected\Iwi_071Rangitane_NorthIsland.shp,TPK_Code,-1,-1,E:\Iwi\Corrected\Iwi_073NgatiHauiti.shp,TPK_Code,-1,-1,E:\Iwi\Corrected\Iwi_074Muaupoko.shp,TPK_Code,-1,-1,E:\Iwi\Corrected\Iwi_075NgatiRaukawakiteTonga.shp,TPK_Code,-1,-1,E:\Iwi\Corrected\Iwi_076NgatiToaRangatira.shp,TPK_Code,-1,-1,E:\Iwi\Corrected\Iwi_077TeAtiawaoTeWakaaMaui.shp,TPK_Code,-1,-1,E:\Iwi\Corrected\Iwi_079TeAtiawakiWhakarongotai.shp,TPK_Code,-1,-1,E:\Iwi\Corrected\Iwi_080NgatiApakiteWaipounamu.shp,TPK_Code,-1,-1,E:\Iwi\Corrected\Iwi_081RangitaneoWairau.shp,TPK_Code,-1,-1,E:\Iwi\Corrected\Iwi_082NgatiKuia.shp,TPK_Code,-1,-1,E:\Iwi\Corrected\Iwi_083NgatiRarua.shp,TPK_Code,-1,-1,E:\Iwi\Corrected\Iwi_084NgatiKoata.shp,TPK_Code,-1,-1,E:\Iwi\Corrected\Iwi_085NgatiTamakiTeTauIhu.shp,TPK_Code,-1,-1,E:\Iwi\Corrected\Iwi_086TeAtiawa_Wellington.shp,TPK_Code,-1,-1,E:\Iwi\Corrected\Iwi_087NgaiTahu.shp,TPK_Code,-1,-1,E:\Iwi\Corrected\Iwi_088NgatiMutunga_ChathamIslands.shp,TPK_Code,-1,-1,E:\Iwi\Corrected\Iwi_089Moriori.shp,TPK_Code,-1,-1,E:\Iwi\Corrected\Iwi_090NgatiKearoa_NgatiTuara.shp,TPK_Code,-1,-1,E:\Iwi\Corrected\Iwi_091TaranakiWhanuikiteUpokooteIka.shp,TPK_Code,-1,-1,E:\Iwi\Corrected\Iwi_092NgatiRongomai.shp,TPK_Code,-1,-1,E:\Iwi\Corrected\Iwi_093NgatiRangi.shp,TPK_Code,-1,-1,E:\Iwi\Corrected\Iwi_094TeKawerauaMaki.shp,TPK_Code,-1,-1,E:\Iwi\Corrected\Iwi_095NgatiPahauwera.shp,TPK_Code,-1,-1,E:\Iwi\Corrected\Iwi_096NgatiHineuru.shp,TPK_Code,-1,-1,E:\Iwi\Corrected\Iwi_097MaungaharuruTangitu.shp,TPK_Code,-1,-1,E:\Iwi\Corrected\Iwi_098ManaAhuriri.shp,TPK_Code,-1,-1,E:\Iwi\Corrected\Iwi_099RuapanikiWaikaremoana.shp,TPK_Code,-1,-1,E:\Iwi\Corrected\Iwi_100NgatiRehua.shp,TPK_Code,-1,-1,E:\Iwi\Corrected\Iwi_101NgatiManuhiri.shp,TPK_Code,-1,-1,E:\Iwi\Corrected\Iwi_103NgatiWhatuaoKaipara.shp,TPK_Code,-1,-1,E:\Iwi\Corrected\Iwi_104NgatiTamaoho.shp,TPK_Code,-1,-1,E:\Iwi\Corrected\Iwi_105NgatiKorokiKahukura.shp,TPK_Code,-1,-1,E:\Iwi\Corrected\Iwi_106Rereahu.shp,TPK_Code,-1,-1,E:\Iwi\Corrected\Iwi_107HeretaungaTamatea.shp,TPK_Code,-1,-1,E:\Iwi\Corrected\Iwi_108TeWairoa.shp,TPK_Code,-1,-1,E:\Iwi\Corrected\Iwi_111TeAkitaiWaiohua.shp,TPK_Code,-1,-1,E:\Iwi\Corrected\Iwi_113Pouakani.shp,TPK_Code,-1,-1,E:\Iwi\Corrected\Iwi_114NgatiKahungunukiWaurarapa_TamakiNuiaRua.shp,TPK_Code,-1,-1,E:\Iwi\Corrected\Iwi_115NgatiHaua.shp,TPK_Code,-1,-1"</Process><Process ToolSource="c:\program files (x86)\arcgis\desktop10.1\ArcToolbox\Toolboxes\Conversion Tools.tbx\FeatureClassToFeatureClass" Date="20131015" Time="122337">FeatureClassToFeatureClass E:\Iwi\Iwi_AllIwi_20131015.shp E:\TPK_Data.gdb Iwi_AllIwi_20131015 # "Shape_Leng "Shape_Leng" true true false 19 Double 0 0 ,First,#,E:\Iwi\Iwi_AllIwi_20131015.shp,Shape_Leng,-1,-1;Shape_Area "Shape_Area" true true false 19 Double 0 0 ,First,#,E:\Iwi\Iwi_AllIwi_20131015.shp,Shape_Area,-1,-1;Name "Name" true true false 50 Text 0 0 ,First,#,E:\Iwi\Iwi_AllIwi_20131015.shp,Name,-1,-1;Source "Source" true true false 20 Text 0 0 ,First,#,E:\Iwi\Iwi_AllIwi_20131015.shp,Source,-1,-1;Bdary_Ref "Bdary_Ref" true true false 50 Text 0 0 ,First,#,E:\Iwi\Iwi_AllIwi_20131015.shp,Bdary_Ref,-1,-1;TPK_Code "TPK_Code" true true false 3 Text 0 0 ,First,#,E:\Iwi\Iwi_AllIwi_20131015.shp,TPK_Code,-1,-1" #</Process><Process ToolSource="c:\program files (x86)\arcgis\desktop10.1\ArcToolbox\Toolboxes\Conversion Tools.tbx\FeatureClassToFeatureClass" Date="20140213" Time="103108">FeatureClassToFeatureClass E:\TPK_Data.gdb\Iwi_AllIwi_20131015 C:\Users\langp\Documents\ArcGIS Iwi_AllIwi_20131015.shp # "Shape_Leng "Shape_Leng" true true false 8 Double 0 0 ,First,#,E:\TPK_Data.gdb\Iwi_AllIwi_20131015,Shape_Leng,-1,-1;Name "Name" true true false 50 Text 0 0 ,First,#,E:\TPK_Data.gdb\Iwi_AllIwi_20131015,Name,-1,-1;Source "Source" true true false 20 Text 0 0 ,First,#,E:\TPK_Data.gdb\Iwi_AllIwi_20131015,Source,-1,-1;Bdary_Ref "Bdary_Ref" true true false 50 Text 0 0 ,First,#,E:\TPK_Data.gdb\Iwi_AllIwi_20131015,Bdary_Ref,-1,-1;TPK_Code "TPK_Code" true true false 3 Text 0 0 ,First,#,E:\TPK_Data.gdb\Iwi_AllIwi_20131015,TPK_Code,-1,-1;Shape_Le_1 "Shape_Length" false true true 8 Double 0 0 ,First,#,E:\TPK_Data.gdb\Iwi_AllIwi_20131015,Shape_Length,-1,-1;Shape_Area "Shape_Area" false true true 8 Double 0 0 ,First,#,E:\TPK_Data.gdb\Iwi_AllIwi_20131015,Shape_Area,-1,-1" #</Process></lineage><itemProps><itemName Sync="TRUE">Iwi_AllIwi_20131015</itemName><imsContentType Sync="TRUE">002</imsContentType><itemLocation><linkage Sync="TRUE">file://\\L01-4D123985H\C$\Users\langp\Documents\ArcGIS\Iwi_AllIwi_20131015.shp</linkage><protocol Sync="TRUE">Local Area Network</protocol></itemLocation><itemSize Sync="TRUE">0.000</itemSize></itemProps><coordRef><type Sync="TRUE">Projected</type><geogcsn Sync="TRUE">GCS_NZGD_2000</geogcsn><csUnits Sync="TRUE">Linear Unit: Meter (1.000000)</csUnits><projcsn Sync="TRUE">NZGD_2000_New_Zealand_Transverse_Mercator</projcsn><peXml Sync="TRUE">&lt;ProjectedCoordinateSystem xsi:type='typens:ProjectedCoordinateSystem' xmlns:xsi='http://www.w3.org/2001/XMLSchema-instance' xmlns:xs='http://www.w3.org/2001/XMLSchema' xmlns:typens='http://www.esri.com/schemas/ArcGIS/10.1'&gt;&lt;WKT&gt;PROJCS[&amp;quot;NZGD_2000_New_Zealand_Transverse_Mercator&amp;quot;,GEOGCS[&amp;quot;GCS_NZGD_2000&amp;quot;,DATUM[&amp;quot;D_NZGD_2000&amp;quot;,SPHEROID[&amp;quot;GRS_1980&amp;quot;,6378137.0,298.257222101]],PRIMEM[&amp;quot;Greenwich&amp;quot;,0.0],UNIT[&amp;quot;Degree&amp;quot;,0.0174532925199433]],PROJECTION[&amp;quot;Transverse_Mercator&amp;quot;],PARAMETER[&amp;quot;False_Easting&amp;quot;,1600000.0],PARAMETER[&amp;quot;False_Northing&amp;quot;,10000000.0],PARAMETER[&amp;quot;Central_Meridian&amp;quot;,173.0],PARAMETER[&amp;quot;Scale_Factor&amp;quot;,0.9996],PARAMETER[&amp;quot;Latitude_Of_Origin&amp;quot;,0.0],UNIT[&amp;quot;Meter&amp;quot;,1.0],AUTHORITY[&amp;quot;EPSG&amp;quot;,2193]]&lt;/WKT&gt;&lt;XOrigin&gt;-4020900&lt;/XOrigin&gt;&lt;YOrigin&gt;1900&lt;/YOrigin&gt;&lt;XYScale&gt;450445547.3910538&lt;/XYScale&gt;&lt;ZOrigin&gt;-100000&lt;/ZOrigin&gt;&lt;ZScale&gt;10000&lt;/ZScale&gt;&lt;MOrigin&gt;-100000&lt;/MOrigin&gt;&lt;MScale&gt;10000&lt;/MScale&gt;&lt;XYTolerance&gt;0.001&lt;/XYTolerance&gt;&lt;ZTolerance&gt;0.001&lt;/ZTolerance&gt;&lt;MTolerance&gt;0.001&lt;/MTolerance&gt;&lt;HighPrecision&gt;true&lt;/HighPrecision&gt;&lt;WKID&gt;2193&lt;/WKID&gt;&lt;LatestWKID&gt;2193&lt;/LatestWKID&gt;&lt;/ProjectedCoordinateSystem&gt;</peXml></coordRef><copyHistory><copy source="C:\GIS\Contours\Iwi_001NgaiTakoto" dest="\\L01-2A051661H\C$\GIS\Iwi\Corrected\Iwi_001NgaiTakoto" date="20130218" time="09095300"></copy></copyHistory></DataProperties><ArcGISFormat>1.0</ArcGISFormat></Esri><idinfo><native Sync="TRUE">Microsoft Windows Vista Version 6.0 (Build 6002) Service Pack 2; ESRI ArcCatalog 9.3.1.3000</native><descript><langdata Sync="TRUE">en</langdata><abstract>REQUIRED: A brief narrative summary of the data set.</abstract><purpose>REQUIRED: A summary of the intentions with which the data set was developed.</purpose></descript><citation><citeinfo><origin>REQUIRED: The name of an organization or individual that developed the data set.</origin><pubdate>REQUIRED: The date when the data set is published or otherwise made available for release.</pubdate><title Sync="TRUE">NZ_Islands</title><ftname Sync="TRUE">NZ_Islands</ftname><geoform Sync="TRUE">vector digital data</geoform><onlink Sync="TRUE">\\S-BACKUP\Archive\GIS Data\NZ_Contextual.gdb</onlink></citeinfo></citation><timeperd><current>REQUIRED: The basis on which the time period of content information is determined.</current><timeinfo><sngdate><caldate>REQUIRED: The year (and optionally month, or month and day) for which the data set corresponds to the ground.</caldate></sngdate></timeinfo></timeperd><status><progress>REQUIRED: The state of the data set.</progress><update>REQUIRED: The frequency with which changes and additions are made to the data set after the initial data set is completed.</update></status><spdom><bounding><westbc Sync="TRUE">REQUIRED: Western-most coordinate of the limit of coverage expressed in longitude.</westbc><eastbc Sync="TRUE">REQUIRED: Eastern-most coordinate of the limit of coverage expressed in longitude.</eastbc><northbc Sync="TRUE">REQUIRED: Northern-most coordinate of the limit of coverage expressed in latitude.</northbc><southbc Sync="TRUE">REQUIRED: Southern-most coordinate of the limit of coverage expressed in latitude.</southbc></bounding></spdom><keywords><theme><themekt>REQUIRED: Reference to a formally registered thesaurus or a similar authoritative source of theme keywords.</themekt><themekey>REQUIRED: Common-use word or phrase used to describe the subject of the data set.</themekey></theme></keywords><accconst>REQUIRED: Restrictions and legal prerequisites for accessing the data set.</accconst><useconst>REQUIRED: Restrictions and legal prerequisites for using the data set after access is granted.</useconst><natvform Sync="TRUE">File Geodatabase Feature Class</natvform></idinfo><dataIdInfo><envirDesc Sync="TRUE">Microsoft Windows 7 Version 6.1 (Build 7601) Service Pack 1; Esri ArcGIS 10.1.0.3035</envirDesc><dataLang><languageCode Sync="TRUE" value="eng"></languageCode><countryCode value="NZL" Sync="TRUE"></countryCode></dataLang><idCitation><resTitle Sync="TRUE">Iwi_AllIwi_20131015</resTitle><presForm><PresFormCd value="005" Sync="TRUE"></PresFormCd></presForm></idCitation><spatRpType><SpatRepTypCd value="001" Sync="TRUE"></SpatRepTypCd></spatRpType></dataIdInfo><metainfo><langmeta Sync="TRUE">en</langmeta><metstdn Sync="TRUE">FGDC Content Standards for Digital Geospatial Metadata</metstdn><metstdv Sync="TRUE">FGDC-STD-001-1998</metstdv><mettc Sync="TRUE">local time</mettc><metc><cntinfo><cntorgp><cntper>REQUIRED: The person responsible for the metadata information.</cntper><cntorg>REQUIRED: The organization responsible for the metadata information.</cntorg></cntorgp><cntaddr><addrtype>REQUIRED: The mailing and/or physical address for the organization or individual.</addrtype><city>REQUIRED: The city of the address.</city><state>REQUIRED: The state or province of the address.</state><postal>REQUIRED: The ZIP or other postal code of the address.</postal></cntaddr><cntvoice>REQUIRED: The telephone number by which individuals can speak to the organization or individual.</cntvoice></cntinfo></metc><metd Sync="TRUE">20091221</metd></metainfo><mdLang><languageCode Sync="TRUE" value="eng"></languageCode><countryCode value="NZL" Sync="TRUE"></countryCode></mdLang><mdStanName Sync="TRUE">ISO 19115 Geographic Information - Metadata</mdStanName><mdStanVer Sync="TRUE">DIS_ESRI1.0</mdStanVer><mdChar><CharSetCd Sync="TRUE" value="004"></CharSetCd></mdChar><mdHrLv><ScopeCd Sync="TRUE" value="005"></ScopeCd></mdHrLv><mdHrLvName Sync="TRUE">dataset</mdHrLvName><distinfo><resdesc Sync="TRUE">Downloadable Data</resdesc></distinfo><distInfo><distributor><distorTran><onLineSrc><orDesc Sync="TRUE">002</orDesc><linkage Sync="TRUE">file://\\S-BACKUP\Archive\GIS Data\NZ_Contextual.gdb</linkage><protocol Sync="TRUE">Local Area Network</protocol></onLineSrc></distorTran><distorFormat><formatName Sync="TRUE">File Geodatabase Feature Class</formatName></distorFormat></distributor><distFormat><formatName Sync="TRUE">Shapefile</formatName></distFormat><distTranOps><transSize Sync="TRUE">0.000</transSize></distTranOps></distInfo><spdoinfo><direct Sync="TRUE">Vector</direct><ptvctinf><esriterm Name="Iwi_AllIwi_20131015"><efeatyp Sync="TRUE">Simple</efeatyp><efeageom code="4" Sync="TRUE"></efeageom><esritopo Sync="TRUE">FALSE</esritopo><efeacnt Sync="TRUE">0</efeacnt><spindex Sync="TRUE">FALSE</spindex><linrefer Sync="TRUE">FALSE</linrefer></esriterm></ptvctinf></spdoinfo><spref><horizsys><cordsysn><geogcsn Sync="TRUE">GCS_NZGD_2000</geogcsn><projcsn Sync="TRUE">NZGD2000 / New Zealand Transverse Mercator 2000</projcsn></cordsysn><planar><planci><plance Sync="TRUE">coordinate pair</plance><plandu Sync="TRUE">meters</plandu><coordrep><absres Sync="TRUE">0.000100</absres><ordres Sync="TRUE">0.000100</ordres></coordrep></planci></planar><geodetic><horizdn Sync="TRUE">D_NZGD_2000</horizdn><ellips Sync="TRUE">Geodetic Reference System 80</ellips><semiaxis Sync="TRUE">6378137.000000</semiaxis><denflat Sync="TRUE">298.257222</denflat></geodetic></horizsys></spref><refSysInfo><RefSystem><refSysID><identCode Sync="TRUE" value="2193">NZGD2000 / New Zealand Transverse Mercator 2000</identCode><idCodeSpace Sync="TRUE">EPSG</idCodeSpace><idVersion Sync="TRUE">7.9.4</idVersion></refSysID></RefSystem></refSysInfo><spatRepInfo><VectSpatRep><geometObjs Name="Iwi_AllIwi_20131015"><geoObjTyp><GeoObjTypCd value="002" Sync="TRUE"></GeoObjTypCd></geoObjTyp><geoObjCnt Sync="TRUE">0</geoObjCnt></geometObjs><topLvl><TopoLevCd value="001" Sync="TRUE"></TopoLevCd></topLvl></VectSpatRep></spatRepInfo><eainfo><detailed Name="Iwi_AllIwi_20131015"><enttyp><enttypl Sync="TRUE">Iwi_AllIwi_20131015</enttypl><enttypt Sync="TRUE">Feature Class</enttypt><enttypc Sync="TRUE">0</enttypc></enttyp><attr><attrlabl Sync="TRUE">FID</attrlabl><attalias Sync="TRUE">FID</attalias><attrtype Sync="TRUE">OID</attrtype><attwidth Sync="TRUE">4</attwidth><atprecis Sync="TRUE">0</atprecis><attscale Sync="TRUE">0</attscale><attrdef Sync="TRUE">Internal feature number.</attrdef><attrdefs Sync="TRUE">Esri</attrdefs><attrdomv><udom Sync="TRUE">Sequential unique whole numbers that are automatically generated.</udom></attrdomv></attr><attr><attrlabl Sync="TRUE">Shape</attrlabl><attalias Sync="TRUE">Shape</attalias><attrtype Sync="TRUE">Geometry</attrtype><attwidth Sync="TRUE">0</attwidth><atprecis Sync="TRUE">0</atprecis><attscale Sync="TRUE">0</attscale><attrdef Sync="TRUE">Feature geometry.</attrdef><attrdefs Sync="TRUE">ESRI</attrdefs><attrdomv><udom Sync="TRUE">Coordinates defining the features.</udom></attrdomv></attr><attr><attrlabl Sync="TRUE">Shape_Leng</attrlabl><attalias Sync="TRUE">Shape_Leng</attalias><attrtype Sync="TRUE">Double</attrtype><attwidth Sync="TRUE">19</attwidth><atprecis Sync="TRUE">0</atprecis><attscale Sync="TRUE">0</attscale></attr><attr><attrlabl Sync="TRUE">Shape_Area</attrlabl><attalias Sync="TRUE">Shape_Area</attalias><attrtype Sync="TRUE">Double</attrtype><attwidth Sync="TRUE">19</attwidth><atprecis Sync="TRUE">0</atprecis><attscale Sync="TRUE">0</attscale><attrdef Sync="TRUE">Area of feature in internal units squared.</attrdef><attrdefs Sync="TRUE">ESRI</attrdefs><attrdomv><udom Sync="TRUE">Positive real numbers that are automatically generated.</udom></attrdomv></attr><attr><attrlabl Sync="TRUE">Name</attrlabl><attalias Sync="TRUE">Name</attalias><attrtype Sync="TRUE">String</attrtype><attwidth Sync="TRUE">50</attwidth><atprecis Sync="TRUE">0</atprecis><attscale Sync="TRUE">0</attscale></attr><attr><attrlabl Sync="TRUE">Source</attrlabl><attalias Sync="TRUE">Source</attalias><attrtype Sync="TRUE">String</attrtype><attwidth Sync="TRUE">20</attwidth><atprecis Sync="TRUE">0</atprecis><attscale Sync="TRUE">0</attscale></attr><attr><attrlabl Sync="TRUE">Bdary_Ref</attrlabl><attalias Sync="TRUE">Bdary_Ref</attalias><attrtype Sync="TRUE">String</attrtype><attwidth Sync="TRUE">50</attwidth><atprecis Sync="TRUE">0</atprecis><attscale Sync="TRUE">0</attscale></attr><attr><attrlabl Sync="TRUE">Shape_Le_1</attrlabl><attalias Sync="TRUE">Shape_Le_1</attalias><attrtype Sync="TRUE">Double</attrtype><attwidth Sync="TRUE">19</attwidth><atprecis Sync="TRUE">0</atprecis><attscale Sync="TRUE">0</attscale></attr><attr><attrlabl Sync="TRUE">TPK_Code</attrlabl><attalias Sync="TRUE">TPK_Code</attalias><attrtype Sync="TRUE">String</attrtype><attwidth Sync="TRUE">3</attwidth><atprecis Sync="TRUE">0</atprecis><attscale Sync="TRUE">0</attscale></attr></detailed></eainfo><mdDateSt Sync="TRUE">20140213</mdDateSt></metadata>
